ANO_EJE,DEPARTAMENTO_META_NOMBRE,TIPO_GOBIERNO_NOMBRE,FUNCION_NOMBRE,MARCO_PRESUPUESTAL,MONTO_DEVENGADO
2018,ANCASH,GOBIERNO NACIONAL,AGROPECUARIA,15401172,0
2018,ANCASH,GOBIERNO NACIONAL,AMBIENTE,67430,16791
2018,ANCASH,GOBIERNO NACIONAL,EDUCACION,2844000,2263144
2018,ANCASH,GOBIERNO NACIONAL,SALUD,44189483,1499123
2018,ANCASH,GOBIERNO NACIONAL,SANEAMIENTO,3231740,0
2018,ANCASH,GOBIERNO NACIONAL,TRANSPORTE,69922762,26665021
2018,ANCASH,GOBIERNOS LOCALES,AGROPECUARIA,8366053,3042044
2018,ANCASH,GOBIERNOS LOCALES,ORDEN PUBLICO Y SEGURIDAD,1420050,1385970
2018,ANCASH,GOBIERNOS LOCALES,SANEAMIENTO,3675031,335728
2018,ANCASH,GOBIERNOS LOCALES,TRANSPORTE,53804548,14251682
2018,ANCASH,GOBIERNOS LOCALES,VIVIENDA Y DESARROLLO URBANO,2598637,2590066
2018,ANCASH,TRES NIVELES DE GOBIERNO,AGROPECUARIA,23767225,3042044
2018,ANCASH,TRES NIVELES DE GOBIERNO,AMBIENTE,67430,16791
2018,ANCASH,TRES NIVELES DE GOBIERNO,EDUCACION,2844000,2263148
2018,ANCASH,TRES NIVELES DE GOBIERNO,ORDEN PUBLICO Y SEGURIDAD,1420050,1385970
2018,ANCASH,TRES NIVELES DE GOBIERNO,SALUD,44189483,1499122
2018,ANCASH,TRES NIVELES DE GOBIERNO,SANEAMIENTO,6906771,335727
2018,ANCASH,TRES NIVELES DE GOBIERNO,TRANSPORTE,123727310,40916705
2018,ANCASH,TRES NIVELES DE GOBIERNO,VIVIENDA Y DESARROLLO URBANO,2598637,2590066
2018,AREQUIPA,GOBIERNO NACIONAL,AMBIENTE,506717,56999
2018,AREQUIPA,GOBIERNO NACIONAL,TRANSPORTE,3868256,914317
2018,AREQUIPA,GOBIERNOS LOCALES,EDUCACION,2566653,1003092
2018,AREQUIPA,GOBIERNOS LOCALES,TRANSPORTE,1329210,359500
2018,AREQUIPA,GOBIERNOS REGIONALES,TRANSPORTE,41402898,1003122
2018,AREQUIPA,TRES NIVELES DE GOBIERNO,AMBIENTE,506717,56999
2018,AREQUIPA,TRES NIVELES DE GOBIERNO,EDUCACION,2566653,1003092
2018,AREQUIPA,TRES NIVELES DE GOBIERNO,TRANSPORTE,46600364,2276938
2018,AYACUCHO,GOBIERNO NACIONAL,AMBIENTE,193189,42222
2018,AYACUCHO,GOBIERNO NACIONAL,EDUCACION,78000,62647
2018,AYACUCHO,GOBIERNOS LOCALES,AGROPECUARIA,2481230,0
2018,AYACUCHO,GOBIERNOS LOCALES,ORDEN PUBLICO Y SEGURIDAD,21725922,0
2018,AYACUCHO,GOBIERNOS LOCALES,SANEAMIENTO,3578424,163556
2018,AYACUCHO,GOBIERNOS LOCALES,TRANSPORTE,58512569,11266939
2018,AYACUCHO,GOBIERNOS LOCALES,VIVIENDA Y DESARROLLO URBANO,67343,0
2018,AYACUCHO,TRES NIVELES DE GOBIERNO,AGROPECUARIA,2481230,0
2018,AYACUCHO,TRES NIVELES DE GOBIERNO,AMBIENTE,193189,42223
2018,AYACUCHO,TRES NIVELES DE GOBIERNO,EDUCACION,78000,62647
2018,AYACUCHO,TRES NIVELES DE GOBIERNO,ORDEN PUBLICO Y SEGURIDAD,21725922,0
2018,AYACUCHO,TRES NIVELES DE GOBIERNO,SANEAMIENTO,3578424,163556
2018,AYACUCHO,TRES NIVELES DE GOBIERNO,TRANSPORTE,58512569,11266938
2018,AYACUCHO,TRES NIVELES DE GOBIERNO,VIVIENDA Y DESARROLLO URBANO,67343,0
2018,CAJAMARCA,GOBIERNO NACIONAL,AGROPECUARIA,224550,0
2018,CAJAMARCA,GOBIERNO NACIONAL,AMBIENTE,343446,39556
2018,CAJAMARCA,GOBIERNO NACIONAL,EDUCACION,456000,363451
2018,CAJAMARCA,GOBIERNO NACIONAL,TRANSPORTE,651142,0
2018,CAJAMARCA,GOBIERNOS LOCALES,EDUCACION,4707005,0
2018,CAJAMARCA,GOBIERNOS LOCALES,ORDEN PUBLICO Y SEGURIDAD,1177877,0
2018,CAJAMARCA,GOBIERNOS LOCALES,"PLANEAMIENTO, GESTION Y RESERVA DE CONTINGENCIA",0,0
2018,CAJAMARCA,GOBIERNOS LOCALES,SANEAMIENTO,3848424,1194129
2018,CAJAMARCA,GOBIERNOS LOCALES,TRANSPORTE,91378550,25505678
2018,CAJAMARCA,GOBIERNOS LOCALES,VIVIENDA Y DESARROLLO URBANO,16225086,5888669
2018,CAJAMARCA,TRES NIVELES DE GOBIERNO,AGROPECUARIA,224550,0
2018,CAJAMARCA,TRES NIVELES DE GOBIERNO,AMBIENTE,343446,39557
2018,CAJAMARCA,TRES NIVELES DE GOBIERNO,EDUCACION,5163005,363451
2018,CAJAMARCA,TRES NIVELES DE GOBIERNO,ORDEN PUBLICO Y SEGURIDAD,1177877,0
2018,CAJAMARCA,TRES NIVELES DE GOBIERNO,"PLANEAMIENTO, GESTION Y RESERVA DE CONTINGENCIA",0,0
2018,CAJAMARCA,TRES NIVELES DE GOBIERNO,SANEAMIENTO,3848424,1194129
2018,CAJAMARCA,TRES NIVELES DE GOBIERNO,TRANSPORTE,92029692,25505678
2018,CAJAMARCA,TRES NIVELES DE GOBIERNO,VIVIENDA Y DESARROLLO URBANO,16225086,5888669
2018,CUSCO,GOBIERNO NACIONAL,AMBIENTE,513053,83675
2018,CUSCO,GOBIERNOS LOCALES,ORDEN PUBLICO Y SEGURIDAD,12003299,3542497
2018,CUSCO,GOBIERNOS REGIONALES,ORDEN PUBLICO Y SEGURIDAD,30970757,25923020
2018,CUSCO,TRES NIVELES DE GOBIERNO,AMBIENTE,513053,83678
2018,CUSCO,TRES NIVELES DE GOBIERNO,ORDEN PUBLICO Y SEGURIDAD,42974056,29465517
2018,HUANCAVELICA,GOBIERNO NACIONAL,AMBIENTE,64216,8109
2018,HUANCAVELICA,GOBIERNO NACIONAL,EDUCACION,120000,96370
2018,HUANCAVELICA,GOBIERNOS LOCALES,SANEAMIENTO,2092354,0
2018,HUANCAVELICA,GOBIERNOS LOCALES,TRANSPORTE,9464402,1476592
2018,HUANCAVELICA,GOBIERNOS LOCALES,VIVIENDA Y DESARROLLO URBANO,569751,0
2018,HUANCAVELICA,GOBIERNOS REGIONALES,ORDEN PUBLICO Y SEGURIDAD,50046590,1160899
2018,HUANCAVELICA,GOBIERNOS REGIONALES,TRANSPORTE,6313135,0
2018,HUANCAVELICA,TRES NIVELES DE GOBIERNO,AMBIENTE,64216,8109
2018,HUANCAVELICA,TRES NIVELES DE GOBIERNO,EDUCACION,120000,96370
2018,HUANCAVELICA,TRES NIVELES DE GOBIERNO,ORDEN PUBLICO Y SEGURIDAD,50046590,1160899
2018,HUANCAVELICA,TRES NIVELES DE GOBIERNO,SANEAMIENTO,2092354,0
2018,HUANCAVELICA,TRES NIVELES DE GOBIERNO,TRANSPORTE,15777537,1476591
2018,HUANCAVELICA,TRES NIVELES DE GOBIERNO,VIVIENDA Y DESARROLLO URBANO,569751,0
2018,HUANUCO,GOBIERNO NACIONAL,AMBIENTE,159965,47144
2018,HUANUCO,TRES NIVELES DE GOBIERNO,AMBIENTE,159965,47145
2018,ICA,GOBIERNO NACIONAL,AGROPECUARIA,24465412,0
2018,ICA,GOBIERNO NACIONAL,AMBIENTE,725654,41291
2018,ICA,GOBIERNO NACIONAL,SALUD,998013,93650
2018,ICA,GOBIERNOS LOCALES,AGROPECUARIA,2066638,278017
2018,ICA,GOBIERNOS LOCALES,ORDEN PUBLICO Y SEGURIDAD,10331473,0
2018,ICA,GOBIERNOS LOCALES,SANEAMIENTO,4610470,253172
2018,ICA,GOBIERNOS LOCALES,TRANSPORTE,32808122,6960237
2018,ICA,TRES NIVELES DE GOBIERNO,AGROPECUARIA,26532050,278017
2018,ICA,TRES NIVELES DE GOBIERNO,AMBIENTE,725654,41291
2018,ICA,TRES NIVELES DE GOBIERNO,ORDEN PUBLICO Y SEGURIDAD,10331473,0
2018,ICA,TRES NIVELES DE GOBIERNO,SALUD,998013,93650
2018,ICA,TRES NIVELES DE GOBIERNO,SANEAMIENTO,4610470,253172
2018,ICA,TRES NIVELES DE GOBIERNO,TRANSPORTE,32808122,6960238
2018,JUNIN,GOBIERNO NACIONAL,AMBIENTE,51349,14074
2018,JUNIN,GOBIERNOS LOCALES,ORDEN PUBLICO Y SEGURIDAD,2986428,2717817
2018,JUNIN,TRES NIVELES DE GOBIERNO,AMBIENTE,51349,14074
2018,JUNIN,TRES NIVELES DE GOBIERNO,ORDEN PUBLICO Y SEGURIDAD,2986428,2717817
2018,LA LIBERTAD,GOBIERNO NACIONAL,AGROPECUARIA,21848792,41936
2018,LA LIBERTAD,GOBIERNO NACIONAL,AMBIENTE,508485,145973
2018,LA LIBERTAD,GOBIERNO NACIONAL,EDUCACION,978000,776585
2018,LA LIBERTAD,GOBIERNO NACIONAL,SALUD,2997865,0
2018,LA LIBERTAD,GOBIERNO NACIONAL,SANEAMIENTO,11128778,6829150
2018,LA LIBERTAD,GOBIERNOS LOCALES,AGROPECUARIA,10581712,496353
2018,LA LIBERTAD,GOBIERNOS LOCALES,EDUCACION,7803667,883291
2018,LA LIBERTAD,GOBIERNOS LOCALES,ORDEN PUBLICO Y SEGURIDAD,4903179,1636307
2018,LA LIBERTAD,GOBIERNOS LOCALES,SANEAMIENTO,8684990,2352883
2018,LA LIBERTAD,GOBIERNOS LOCALES,TRANSPORTE,284579175,41426749
2018,LA LIBERTAD,GOBIERNOS LOCALES,VIVIENDA Y DESARROLLO URBANO,5426686,1712206
2018,LA LIBERTAD,GOBIERNOS REGIONALES,ORDEN PUBLICO Y SEGURIDAD,983695,0
2018,LA LIBERTAD,GOBIERNOS REGIONALES,TRANSPORTE,18949468,502500
2018,LA LIBERTAD,GOBIERNOS REGIONALES,VIVIENDA Y DESARROLLO URBANO,5340480,97439
2018,LA LIBERTAD,TRES NIVELES DE GOBIERNO,AGROPECUARIA,32430504,538289
2018,LA LIBERTAD,TRES NIVELES DE GOBIERNO,AMBIENTE,508485,145974
2018,LA LIBERTAD,TRES NIVELES DE GOBIERNO,EDUCACION,8781667,1659874
2018,LA LIBERTAD,TRES NIVELES DE GOBIERNO,ORDEN PUBLICO Y SEGURIDAD,5886874,1636307
2018,LA LIBERTAD,TRES NIVELES DE GOBIERNO,SALUD,2997865,0
2018,LA LIBERTAD,TRES NIVELES DE GOBIERNO,SANEAMIENTO,19813768,9182033
2018,LA LIBERTAD,TRES NIVELES DE GOBIERNO,TRANSPORTE,303528643,41929248
2018,LA LIBERTAD,TRES NIVELES DE GOBIERNO,VIVIENDA Y DESARROLLO URBANO,10767166,1809646
2018,LAMBAYEQUE,GOBIERNO NACIONAL,AGROPECUARIA,31420062,397632
2018,LAMBAYEQUE,GOBIERNO NACIONAL,AMBIENTE,263048,33200
2018,LAMBAYEQUE,GOBIERNO NACIONAL,EDUCACION,288000,230821
2018,LAMBAYEQUE,GOBIERNO NACIONAL,SALUD,1248990,0
2018,LAMBAYEQUE,GOBIERNO NACIONAL,SANEAMIENTO,35265526,10197798
2018,LAMBAYEQUE,GOBIERNOS LOCALES,AGROPECUARIA,4747926,1343727
2018,LAMBAYEQUE,GOBIERNOS LOCALES,EDUCACION,6394590,0
2018,LAMBAYEQUE,GOBIERNOS LOCALES,TRANSPORTE,66743305,23460646
2018,LAMBAYEQUE,GOBIERNOS LOCALES,VIVIENDA Y DESARROLLO URBANO,9403178,5881755
2018,LAMBAYEQUE,GOBIERNOS REGIONALES,ORDEN PUBLICO Y SEGURIDAD,3616542,0
2018,LAMBAYEQUE,GOBIERNOS REGIONALES,TRANSPORTE,1148791,0
2018,LAMBAYEQUE,TRES NIVELES DE GOBIERNO,AGROPECUARIA,36167988,1741360
2018,LAMBAYEQUE,TRES NIVELES DE GOBIERNO,AMBIENTE,263048,33200
2018,LAMBAYEQUE,TRES NIVELES DE GOBIERNO,EDUCACION,6682590,230821
2018,LAMBAYEQUE,TRES NIVELES DE GOBIERNO,ORDEN PUBLICO Y SEGURIDAD,3616542,0
2018,LAMBAYEQUE,TRES NIVELES DE GOBIERNO,SALUD,1248990,0
2018,LAMBAYEQUE,TRES NIVELES DE GOBIERNO,SANEAMIENTO,35265526,10197798
2018,LAMBAYEQUE,TRES NIVELES DE GOBIERNO,TRANSPORTE,67892096,23460644
2018,LAMBAYEQUE,TRES NIVELES DE GOBIERNO,VIVIENDA Y DESARROLLO URBANO,9403178,5881755
2018,LIMA,GOBIERNO NACIONAL,AGROPECUARIA,49401438,2068936
2018,LIMA,GOBIERNO NACIONAL,AMBIENTE,3551467,233511
2018,LIMA,GOBIERNO NACIONAL,EDUCACION,33802264,14459357
2018,LIMA,GOBIERNO NACIONAL,ORDEN PUBLICO Y SEGURIDAD,1367653,1365491
2018,LIMA,GOBIERNO NACIONAL,"PLANEAMIENTO, GESTION Y RESERVA DE CONTINGENCIA",27791800,8879688
2018,LIMA,GOBIERNO NACIONAL,SALUD,856050,759245
2018,LIMA,GOBIERNO NACIONAL,SANEAMIENTO,40258809,21897556
2018,LIMA,GOBIERNO NACIONAL,TRANSPORTE,75477574,319300
2018,LIMA,GOBIERNO NACIONAL,VIVIENDA Y DESARROLLO URBANO,1773620,0
2018,LIMA,GOBIERNOS LOCALES,AGROPECUARIA,6462139,3027694
2018,LIMA,GOBIERNOS LOCALES,ORDEN PUBLICO Y SEGURIDAD,1562212,809261
2018,LIMA,GOBIERNOS LOCALES,SANEAMIENTO,3170770,1100569
2018,LIMA,GOBIERNOS LOCALES,TRANSPORTE,23807674,6396717
2018,LIMA,GOBIERNOS LOCALES,VIVIENDA Y DESARROLLO URBANO,337668,0
2018,LIMA,GOBIERNOS REGIONALES,TRANSPORTE,33795495,334713
2018,LIMA,TRES NIVELES DE GOBIERNO,AGROPECUARIA,55863577,5096630
2018,LIMA,TRES NIVELES DE GOBIERNO,AMBIENTE,3551467,233512
2018,LIMA,TRES NIVELES DE GOBIERNO,EDUCACION,33802264,14459358
2018,LIMA,TRES NIVELES DE GOBIERNO,ORDEN PUBLICO Y SEGURIDAD,2929865,2174752
2018,LIMA,TRES NIVELES DE GOBIERNO,"PLANEAMIENTO, GESTION Y RESERVA DE CONTINGENCIA",27791800,8879688
2018,LIMA,TRES NIVELES DE GOBIERNO,SALUD,856050,759245
2018,LIMA,TRES NIVELES DE GOBIERNO,SANEAMIENTO,43429579,22998123
2018,LIMA,TRES NIVELES DE GOBIERNO,TRANSPORTE,133080743,7050730
2018,LIMA,TRES NIVELES DE GOBIERNO,VIVIENDA Y DESARROLLO URBANO,2111288,0
2018,LORETO,GOBIERNOS LOCALES,SALUD,1753771,0
2018,LORETO,GOBIERNOS LOCALES,TRANSPORTE,3368869,3368868
2018,LORETO,TRES NIVELES DE GOBIERNO,SALUD,1753771,0
2018,LORETO,TRES NIVELES DE GOBIERNO,TRANSPORTE,3368869,3368868
2018,MADRE DE DIOS,GOBIERNO NACIONAL,AMBIENTE,121688,26754
2018,MADRE DE DIOS,TRES NIVELES DE GOBIERNO,AMBIENTE,121688,26755
2018,NACIONAL,GOBIERNO NACIONAL,AGROPECUARIA,179830018,4895116
2018,NACIONAL,GOBIERNO NACIONAL,AMBIENTE,8984549,994121
2018,NACIONAL,GOBIERNO NACIONAL,COMUNICACIONES,518329,12848
2018,NACIONAL,GOBIERNO NACIONAL,DEFENSA Y SEGURIDAD NACIONAL,8840000,7329960
2018,NACIONAL,GOBIERNO NACIONAL,EDUCACION,59754152,26533829
2018,NACIONAL,GOBIERNO NACIONAL,ORDEN PUBLICO Y SEGURIDAD,1367653,1365491
2018,NACIONAL,GOBIERNO NACIONAL,"PLANEAMIENTO, GESTION Y RESERVA DE CONTINGENCIA",27962025,8885588
2018,NACIONAL,GOBIERNO NACIONAL,SALUD,54357454,2495303
2018,NACIONAL,GOBIERNO NACIONAL,SANEAMIENTO,139168371,68501485
2018,NACIONAL,GOBIERNO NACIONAL,TRANSPORTE,196057857,58978823
2018,NACIONAL,GOBIERNO NACIONAL,VIVIENDA Y DESARROLLO URBANO,1773620,0
2018,NACIONAL,GOBIERNOS LOCALES,AGROPECUARIA,44527132,13135790
2018,NACIONAL,GOBIERNOS LOCALES,EDUCACION,26053465,2218301
2018,NACIONAL,GOBIERNOS LOCALES,ORDEN PUBLICO Y SEGURIDAD,84557434,20263680
2018,NACIONAL,GOBIERNOS LOCALES,"PLANEAMIENTO, GESTION Y RESERVA DE CONTINGENCIA",0,0
2018,NACIONAL,GOBIERNOS LOCALES,SALUD,1753771,0
2018,NACIONAL,GOBIERNOS LOCALES,SANEAMIENTO,47500678,7431450
2018,NACIONAL,GOBIERNOS LOCALES,TRANSPORTE,960234661,257234277
2018,NACIONAL,GOBIERNOS LOCALES,VIVIENDA Y DESARROLLO URBANO,39002135,19559091
2018,NACIONAL,GOBIERNOS REGIONALES,AGROPECUARIA,281325902,140473684
2018,NACIONAL,GOBIERNOS REGIONALES,AMBIENTE,74305,65450
2018,NACIONAL,GOBIERNOS REGIONALES,ORDEN PUBLICO Y SEGURIDAD,85617584,27083919
2018,NACIONAL,GOBIERNOS REGIONALES,SALUD,79802151,51252134
2018,NACIONAL,GOBIERNOS REGIONALES,SANEAMIENTO,2689468,2655427
2018,NACIONAL,GOBIERNOS REGIONALES,TRANSPORTE,383764929,40328966
2018,NACIONAL,GOBIERNOS REGIONALES,VIVIENDA Y DESARROLLO URBANO,7028784,779697
2018,NACIONAL,TRES NIVELES DE GOBIERNO,AGROPECUARIA,505683052,158504590
2018,NACIONAL,TRES NIVELES DE GOBIERNO,AMBIENTE,9058854,1059571
2018,NACIONAL,TRES NIVELES DE GOBIERNO,COMUNICACIONES,518329,12848
2018,NACIONAL,TRES NIVELES DE GOBIERNO,DEFENSA Y SEGURIDAD NACIONAL,8840000,7329960
2018,NACIONAL,TRES NIVELES DE GOBIERNO,EDUCACION,85807617,28752130
2018,NACIONAL,TRES NIVELES DE GOBIERNO,ORDEN PUBLICO Y SEGURIDAD,171542671,48713090
2018,NACIONAL,TRES NIVELES DE GOBIERNO,"PLANEAMIENTO, GESTION Y RESERVA DE CONTINGENCIA",27962025,8885588
2018,NACIONAL,TRES NIVELES DE GOBIERNO,SALUD,135913376,53747438
2018,NACIONAL,TRES NIVELES DE GOBIERNO,SANEAMIENTO,189358517,78588361
2018,NACIONAL,TRES NIVELES DE GOBIERNO,TRANSPORTE,1540057447,356542066
2018,NACIONAL,TRES NIVELES DE GOBIERNO,VIVIENDA Y DESARROLLO URBANO,47804539,20338788
2018,PASCO,GOBIERNO NACIONAL,AMBIENTE,79006,0
2018,PASCO,TRES NIVELES DE GOBIERNO,AMBIENTE,79006,0
2018,PIURA,GOBIERNO NACIONAL,AGROPECUARIA,28163656,2252494
2018,PIURA,GOBIERNO NACIONAL,AMBIENTE,1313109,122646
2018,PIURA,GOBIERNO NACIONAL,COMUNICACIONES,518329,12848
2018,PIURA,GOBIERNO NACIONAL,EDUCACION,20935888,8078211
2018,PIURA,GOBIERNO NACIONAL,SALUD,4067053,143286
2018,PIURA,GOBIERNO NACIONAL,SANEAMIENTO,49283518,29576982
2018,PIURA,GOBIERNO NACIONAL,TRANSPORTE,46138123,31080185
2018,PIURA,GOBIERNOS LOCALES,AGROPECUARIA,5999066,2160536
2018,PIURA,GOBIERNOS LOCALES,EDUCACION,4064617,10073
2018,PIURA,GOBIERNOS LOCALES,ORDEN PUBLICO Y SEGURIDAD,14261385,4140006
2018,PIURA,GOBIERNOS LOCALES,SANEAMIENTO,17840215,2031414
2018,PIURA,GOBIERNOS LOCALES,TRANSPORTE,311651685,119380793
2018,PIURA,GOBIERNOS LOCALES,VIVIENDA Y DESARROLLO URBANO,3458450,3094335
2018,PIURA,GOBIERNOS REGIONALES,AGROPECUARIA,281325902,140473683
2018,PIURA,GOBIERNOS REGIONALES,AMBIENTE,74305,65450
2018,PIURA,GOBIERNOS REGIONALES,SALUD,79802151,51252135
2018,PIURA,GOBIERNOS REGIONALES,SANEAMIENTO,2689468,2655427
2018,PIURA,GOBIERNOS REGIONALES,TRANSPORTE,275442114,34376465
2018,PIURA,GOBIERNOS REGIONALES,VIVIENDA Y DESARROLLO URBANO,1688304,682257
2018,PIURA,TRES NIVELES DE GOBIERNO,AGROPECUARIA,315488624,144886714
2018,PIURA,TRES NIVELES DE GOBIERNO,AMBIENTE,1387414,188095
2018,PIURA,TRES NIVELES DE GOBIERNO,COMUNICACIONES,518329,12848
2018,PIURA,TRES NIVELES DE GOBIERNO,EDUCACION,25000505,8088287
2018,PIURA,TRES NIVELES DE GOBIERNO,ORDEN PUBLICO Y SEGURIDAD,14261385,4140006
2018,PIURA,TRES NIVELES DE GOBIERNO,SALUD,83869204,51395420
2018,PIURA,TRES NIVELES DE GOBIERNO,SANEAMIENTO,69813201,34263822
2018,PIURA,TRES NIVELES DE GOBIERNO,TRANSPORTE,633231922,184837437
2018,PIURA,TRES NIVELES DE GOBIERNO,VIVIENDA Y DESARROLLO URBANO,5146754,3776592
2018,PROVINCIA CONSTITUCIONAL DEL CALLAO,GOBIERNO NACIONAL,DEFENSA Y SEGURIDAD NACIONAL,8840000,7329960
2018,PROVINCIA CONSTITUCIONAL DEL CALLAO,TRES NIVELES DE GOBIERNO,DEFENSA Y SEGURIDAD NACIONAL,8840000,7329960
2018,PUNO,GOBIERNO NACIONAL,AMBIENTE,240399,0
2018,PUNO,TRES NIVELES DE GOBIERNO,AMBIENTE,240399,0
2018,SAN MARTIN,GOBIERNO NACIONAL,AMBIENTE,12800,10278
2018,SAN MARTIN,GOBIERNOS LOCALES,ORDEN PUBLICO Y SEGURIDAD,14185609,6031822
2018,SAN MARTIN,TRES NIVELES DE GOBIERNO,AMBIENTE,12800,10278
2018,SAN MARTIN,TRES NIVELES DE GOBIERNO,ORDEN PUBLICO Y SEGURIDAD,14185609,6031822
2018,TACNA,GOBIERNO NACIONAL,AMBIENTE,145769,43739
2018,TACNA,TRES NIVELES DE GOBIERNO,AMBIENTE,145769,43739
2018,TUMBES,GOBIERNO NACIONAL,AGROPECUARIA,8904936,134117
2018,TUMBES,GOBIERNO NACIONAL,EDUCACION,252000,203236
2018,TUMBES,GOBIERNO NACIONAL,"PLANEAMIENTO, GESTION Y RESERVA DE CONTINGENCIA",170225,5900
2018,TUMBES,GOBIERNOS LOCALES,AGROPECUARIA,3822368,2787419
2018,TUMBES,GOBIERNOS LOCALES,EDUCACION,516933,321845
2018,TUMBES,GOBIERNOS LOCALES,TRANSPORTE,22786552,3379883
2018,TUMBES,GOBIERNOS LOCALES,VIVIENDA Y DESARROLLO URBANO,915336,392062
2018,TUMBES,GOBIERNOS REGIONALES,TRANSPORTE,6713028,4112167
2018,TUMBES,TRES NIVELES DE GOBIERNO,AGROPECUARIA,12727304,2921536
2018,TUMBES,TRES NIVELES DE GOBIERNO,EDUCACION,768933,525081
2018,TUMBES,TRES NIVELES DE GOBIERNO,"PLANEAMIENTO, GESTION Y RESERVA DE CONTINGENCIA",170225,5900
2018,TUMBES,TRES NIVELES DE GOBIERNO,TRANSPORTE,29499580,7492050
2018,TUMBES,TRES NIVELES DE GOBIERNO,VIVIENDA Y DESARROLLO URBANO,915336,392062
2018,UCAYALI,GOBIERNO NACIONAL,AMBIENTE,123759,28148
2018,UCAYALI,TRES NIVELES DE GOBIERNO,AMBIENTE,123759,28149
2019,AMAZONAS,GOBIERNOS LOCALES,AGROPECUARIA,37000,0
2019,AMAZONAS,GOBIERNOS LOCALES,CULTURA Y DEPORTE,104496,0
2019,AMAZONAS,GOBIERNOS LOCALES,EDUCACION,661062,65567
2019,AMAZONAS,GOBIERNOS LOCALES,"PLANEAMIENTO, GESTION Y RESERVA DE CONTINGENCIA",117225,0
2019,AMAZONAS,GOBIERNOS LOCALES,SANEAMIENTO,180880,69219
2019,AMAZONAS,GOBIERNOS LOCALES,TRANSPORTE,1701024,61042
2019,AMAZONAS,GOBIERNOS REGIONALES,EDUCACION,726543,0
2019,AMAZONAS,GOBIERNOS REGIONALES,TRANSPORTE,1338658,0
2019,AMAZONAS,TRES NIVELES DE GOBIERNO,AGROPECUARIA,37000,0
2019,AMAZONAS,TRES NIVELES DE GOBIERNO,CULTURA Y DEPORTE,104496,0
2019,AMAZONAS,TRES NIVELES DE GOBIERNO,EDUCACION,1387605,65567
2019,AMAZONAS,TRES NIVELES DE GOBIERNO,"PLANEAMIENTO, GESTION Y RESERVA DE CONTINGENCIA",117225,0
2019,AMAZONAS,TRES NIVELES DE GOBIERNO,SANEAMIENTO,180880,69219
2019,AMAZONAS,TRES NIVELES DE GOBIERNO,TRANSPORTE,3039682,61042
2019,ANCASH,GOBIERNO NACIONAL,AGROPECUARIA,50261719,15184825
2019,ANCASH,GOBIERNO NACIONAL,AMBIENTE,17740,16106
2019,ANCASH,GOBIERNO NACIONAL,EDUCACION,45745146,10080867
2019,ANCASH,GOBIERNO NACIONAL,SALUD,235512182,3123956
2019,ANCASH,GOBIERNO NACIONAL,SANEAMIENTO,14724172,5621588
2019,ANCASH,GOBIERNO NACIONAL,TRANSPORTE,620603404,84454783
2019,ANCASH,GOBIERNOS LOCALES,AGROPECUARIA,8587237,3863272
2019,ANCASH,GOBIERNOS LOCALES,EDUCACION,26746160,537101
2019,ANCASH,GOBIERNOS LOCALES,ORDEN PUBLICO Y SEGURIDAD,757877,503454
2019,ANCASH,GOBIERNOS LOCALES,SANEAMIENTO,18883065,7097003
2019,ANCASH,GOBIERNOS LOCALES,TRANSPORTE,138227279,65917004
2019,ANCASH,GOBIERNOS LOCALES,VIVIENDA Y DESARROLLO URBANO,3049549,794887
2019,ANCASH,GOBIERNOS REGIONALES,ORDEN PUBLICO Y SEGURIDAD,9712552,0
2019,ANCASH,TRES NIVELES DE GOBIERNO,AGROPECUARIA,58848956,19048094
2019,ANCASH,TRES NIVELES DE GOBIERNO,AMBIENTE,17740,16106
2019,ANCASH,TRES NIVELES DE GOBIERNO,EDUCACION,30008506,10617961
2019,ANCASH,TRES NIVELES DE GOBIERNO,ORDEN PUBLICO Y SEGURIDAD,10470429,503455
2019,ANCASH,TRES NIVELES DE GOBIERNO,SALUD,29273377,3123956
2019,ANCASH,TRES NIVELES DE GOBIERNO,SANEAMIENTO,27780712,12718592
2019,ANCASH,TRES NIVELES DE GOBIERNO,TRANSPORTE,506993672,150371795
2019,ANCASH,TRES NIVELES DE GOBIERNO,VIVIENDA Y DESARROLLO URBANO,803459,794887
2019,APURIMAC,GOBIERNO NACIONAL,SALUD,0,0
2019,APURIMAC,GOBIERNOS LOCALES,EDUCACION,1657707,0
2019,APURIMAC,TRES NIVELES DE GOBIERNO,EDUCACION,1657707,0
2019,APURIMAC,TRES NIVELES DE GOBIERNO,SALUD,0,0
2019,AREQUIPA,GOBIERNO NACIONAL,AGROPECUARIA,1337666,16000
2019,AREQUIPA,GOBIERNO NACIONAL,AMBIENTE,335483,158898
2019,AREQUIPA,GOBIERNO NACIONAL,EDUCACION,11373,8681
2019,AREQUIPA,GOBIERNO NACIONAL,SANEAMIENTO,284502,0
2019,AREQUIPA,GOBIERNO NACIONAL,TRANSPORTE,250214412,3856319
2019,AREQUIPA,GOBIERNOS LOCALES,AGROPECUARIA,3047825,832728
2019,AREQUIPA,GOBIERNOS LOCALES,EDUCACION,8478658,8397433
2019,AREQUIPA,GOBIERNOS LOCALES,ORDEN PUBLICO Y SEGURIDAD,1147987,306330
2019,AREQUIPA,GOBIERNOS LOCALES,SANEAMIENTO,4648321,382433
2019,AREQUIPA,GOBIERNOS LOCALES,TRANSPORTE,10250107,2968448
2019,AREQUIPA,GOBIERNOS REGIONALES,TRANSPORTE,130093160,22451639
2019,AREQUIPA,TRES NIVELES DE GOBIERNO,AGROPECUARIA,4385491,848728
2019,AREQUIPA,TRES NIVELES DE GOBIERNO,AMBIENTE,335483,158898
2019,AREQUIPA,TRES NIVELES DE GOBIERNO,EDUCACION,8487340,8406115
2019,AREQUIPA,TRES NIVELES DE GOBIERNO,ORDEN PUBLICO Y SEGURIDAD,1147987,306330
2019,AREQUIPA,TRES NIVELES DE GOBIERNO,SANEAMIENTO,4932823,382433
2019,AREQUIPA,TRES NIVELES DE GOBIERNO,TRANSPORTE,317434938,29276406
2019,AYACUCHO,GOBIERNO NACIONAL,AMBIENTE,126420,111068
2019,AYACUCHO,GOBIERNO NACIONAL,EDUCACION,293303,262945
2019,AYACUCHO,GOBIERNO NACIONAL,SANEAMIENTO,169432,10936
2019,AYACUCHO,GOBIERNO NACIONAL,TRANSPORTE,5797142,234067
2019,AYACUCHO,GOBIERNOS LOCALES,AGROPECUARIA,12374960,8037726
2019,AYACUCHO,GOBIERNOS LOCALES,EDUCACION,17541573,434252
2019,AYACUCHO,GOBIERNOS LOCALES,ORDEN PUBLICO Y SEGURIDAD,38574859,15433012
2019,AYACUCHO,GOBIERNOS LOCALES,SANEAMIENTO,24574030,15564445
2019,AYACUCHO,GOBIERNOS LOCALES,TRANSPORTE,126431921,94730370
2019,AYACUCHO,GOBIERNOS LOCALES,VIVIENDA Y DESARROLLO URBANO,8116898,3254461
2019,AYACUCHO,TRES NIVELES DE GOBIERNO,AGROPECUARIA,12374960,8037727
2019,AYACUCHO,TRES NIVELES DE GOBIERNO,AMBIENTE,126420,111068
2019,AYACUCHO,TRES NIVELES DE GOBIERNO,EDUCACION,5481520,697197
2019,AYACUCHO,TRES NIVELES DE GOBIERNO,ORDEN PUBLICO Y SEGURIDAD,38574859,15433013
2019,AYACUCHO,TRES NIVELES DE GOBIERNO,SANEAMIENTO,24544069,15575378
2019,AYACUCHO,TRES NIVELES DE GOBIERNO,TRANSPORTE,115422650,94964436
2019,AYACUCHO,TRES NIVELES DE GOBIERNO,VIVIENDA Y DESARROLLO URBANO,6513270,3254461
2019,CAJAMARCA,GOBIERNO NACIONAL,AMBIENTE,537610,150953
2019,CAJAMARCA,GOBIERNO NACIONAL,EDUCACION,2162664,1542081
2019,CAJAMARCA,GOBIERNO NACIONAL,"PLANEAMIENTO, GESTION Y RESERVA DE CONTINGENCIA",333050,248705
2019,CAJAMARCA,GOBIERNO NACIONAL,SALUD,878587,0
2019,CAJAMARCA,GOBIERNO NACIONAL,SANEAMIENTO,135721,0
2019,CAJAMARCA,GOBIERNO NACIONAL,TRANSPORTE,37965768,547640
2019,CAJAMARCA,GOBIERNOS LOCALES,AGROPECUARIA,501219,5000
2019,CAJAMARCA,GOBIERNOS LOCALES,EDUCACION,22479712,8487807
2019,CAJAMARCA,GOBIERNOS LOCALES,ORDEN PUBLICO Y SEGURIDAD,6748933,6459599
2019,CAJAMARCA,GOBIERNOS LOCALES,PROTECCION SOCIAL,189492,0
2019,CAJAMARCA,GOBIERNOS LOCALES,SANEAMIENTO,74330997,25328454
2019,CAJAMARCA,GOBIERNOS LOCALES,TRANSPORTE,172492747,96656999
2019,CAJAMARCA,GOBIERNOS LOCALES,VIVIENDA Y DESARROLLO URBANO,32754642,17269809
2019,CAJAMARCA,TRES NIVELES DE GOBIERNO,AGROPECUARIA,501219,5000
2019,CAJAMARCA,TRES NIVELES DE GOBIERNO,AMBIENTE,537610,150952
2019,CAJAMARCA,TRES NIVELES DE GOBIERNO,EDUCACION,24439938,10029888
2019,CAJAMARCA,TRES NIVELES DE GOBIERNO,ORDEN PUBLICO Y SEGURIDAD,6748933,6459599
2019,CAJAMARCA,TRES NIVELES DE GOBIERNO,"PLANEAMIENTO, GESTION Y RESERVA DE CONTINGENCIA",333050,248704
2019,CAJAMARCA,TRES NIVELES DE GOBIERNO,PROTECCION SOCIAL,0,0
2019,CAJAMARCA,TRES NIVELES DE GOBIERNO,SALUD,878587,0
2019,CAJAMARCA,TRES NIVELES DE GOBIERNO,SANEAMIENTO,66907317,25328455
2019,CAJAMARCA,TRES NIVELES DE GOBIERNO,TRANSPORTE,191693088,97204634
2019,CAJAMARCA,TRES NIVELES DE GOBIERNO,VIVIENDA Y DESARROLLO URBANO,22243069,17269808
2019,CUSCO,GOBIERNO NACIONAL,AMBIENTE,328325,278431
2019,CUSCO,GOBIERNO NACIONAL,SALUD,0,0
2019,CUSCO,GOBIERNOS LOCALES,ORDEN PUBLICO Y SEGURIDAD,8460802,3447357
2019,CUSCO,GOBIERNOS REGIONALES,ORDEN PUBLICO Y SEGURIDAD,2452306,2451512
2019,CUSCO,TRES NIVELES DE GOBIERNO,AMBIENTE,328325,278430
2019,CUSCO,TRES NIVELES DE GOBIERNO,ORDEN PUBLICO Y SEGURIDAD,10913108,5898869
2019,CUSCO,TRES NIVELES DE GOBIERNO,SALUD,0,0
2019,HUANCAVELICA,GOBIERNO NACIONAL,AGROPECUARIA,461118,0
2019,HUANCAVELICA,GOBIERNO NACIONAL,AMBIENTE,49710,46683
2019,HUANCAVELICA,GOBIERNO NACIONAL,EDUCACION,1947054,482216
2019,HUANCAVELICA,GOBIERNO NACIONAL,SANEAMIENTO,163822,0
2019,HUANCAVELICA,GOBIERNO NACIONAL,TRANSPORTE,12338226,926750
2019,HUANCAVELICA,GOBIERNOS LOCALES,AMBIENTE,0,0
2019,HUANCAVELICA,GOBIERNOS LOCALES,ORDEN PUBLICO Y SEGURIDAD,3248490,2085790
2019,HUANCAVELICA,GOBIERNOS LOCALES,SALUD,1918313,0
2019,HUANCAVELICA,GOBIERNOS LOCALES,SANEAMIENTO,20750896,14701730
2019,HUANCAVELICA,GOBIERNOS LOCALES,TRANSPORTE,35702976,24926399
2019,HUANCAVELICA,GOBIERNOS REGIONALES,ORDEN PUBLICO Y SEGURIDAD,5019129,4862540
2019,HUANCAVELICA,GOBIERNOS REGIONALES,PROTECCION SOCIAL,43866562,12588716
2019,HUANCAVELICA,GOBIERNOS REGIONALES,TRANSPORTE,21043773,4957431
2019,HUANCAVELICA,TRES NIVELES DE GOBIERNO,AGROPECUARIA,461118,0
2019,HUANCAVELICA,TRES NIVELES DE GOBIERNO,AMBIENTE,49710,46683
2019,HUANCAVELICA,TRES NIVELES DE GOBIERNO,EDUCACION,1882142,482216
2019,HUANCAVELICA,TRES NIVELES DE GOBIERNO,ORDEN PUBLICO Y SEGURIDAD,8267619,6948330
2019,HUANCAVELICA,TRES NIVELES DE GOBIERNO,PROTECCION SOCIAL,43866562,12588716
2019,HUANCAVELICA,TRES NIVELES DE GOBIERNO,SALUD,1918313,0
2019,HUANCAVELICA,TRES NIVELES DE GOBIERNO,SANEAMIENTO,20595092,14701724
2019,HUANCAVELICA,TRES NIVELES DE GOBIERNO,TRANSPORTE,67194641,30810584
2019,HUANUCO,GOBIERNO NACIONAL,AMBIENTE,72540,51925
2019,HUANUCO,GOBIERNOS LOCALES,AGROPECUARIA,1070577,0
2019,HUANUCO,GOBIERNOS LOCALES,ORDEN PUBLICO Y SEGURIDAD,1066657,1066584
2019,HUANUCO,GOBIERNOS LOCALES,TRANSPORTE,4628083,29500
2019,HUANUCO,GOBIERNOS REGIONALES,AGROPECUARIA,1905456,126521
2019,HUANUCO,GOBIERNOS REGIONALES,EDUCACION,2191012,146941
2019,HUANUCO,GOBIERNOS REGIONALES,ORDEN PUBLICO Y SEGURIDAD,4318947,310772
2019,HUANUCO,GOBIERNOS REGIONALES,SALUD,51549,0
2019,HUANUCO,GOBIERNOS REGIONALES,SANEAMIENTO,197037,27000
2019,HUANUCO,TRES NIVELES DE GOBIERNO,AGROPECUARIA,2976033,126521
2019,HUANUCO,TRES NIVELES DE GOBIERNO,AMBIENTE,72540,51925
2019,HUANUCO,TRES NIVELES DE GOBIERNO,EDUCACION,2191012,146941
2019,HUANUCO,TRES NIVELES DE GOBIERNO,ORDEN PUBLICO Y SEGURIDAD,5385604,1377356
2019,HUANUCO,TRES NIVELES DE GOBIERNO,SALUD,51549,0
2019,HUANUCO,TRES NIVELES DE GOBIERNO,SANEAMIENTO,197037,27000
2019,HUANUCO,TRES NIVELES DE GOBIERNO,TRANSPORTE,4628083,29500
2019,ICA,GOBIERNO NACIONAL,AGROPECUARIA,22916777,6283733
2019,ICA,GOBIERNO NACIONAL,AMBIENTE,277909,253947
2019,ICA,GOBIERNO NACIONAL,COMUNICACIONES,358725,94571
2019,ICA,GOBIERNO NACIONAL,EDUCACION,2015606,0
2019,ICA,GOBIERNO NACIONAL,SALUD,1804587,1019286
2019,ICA,GOBIERNO NACIONAL,SANEAMIENTO,150267,0
2019,ICA,GOBIERNO NACIONAL,TRANSPORTE,22518158,531368
2019,ICA,GOBIERNOS LOCALES,AGROPECUARIA,1843163,1761612
2019,ICA,GOBIERNOS LOCALES,ORDEN PUBLICO Y SEGURIDAD,10331473,9382355
2019,ICA,GOBIERNOS LOCALES,SANEAMIENTO,17825320,10555490
2019,ICA,GOBIERNOS LOCALES,TRANSPORTE,68524343,41491576
2019,ICA,GOBIERNOS LOCALES,VIVIENDA Y DESARROLLO URBANO,2553469,0
2019,ICA,GOBIERNOS REGIONALES,ORDEN PUBLICO Y SEGURIDAD,69693008,32278033
2019,ICA,TRES NIVELES DE GOBIERNO,AGROPECUARIA,24759940,8045345
2019,ICA,TRES NIVELES DE GOBIERNO,AMBIENTE,277909,253947
2019,ICA,TRES NIVELES DE GOBIERNO,COMUNICACIONES,358725,94571
2019,ICA,TRES NIVELES DE GOBIERNO,EDUCACION,700484,0
2019,ICA,TRES NIVELES DE GOBIERNO,ORDEN PUBLICO Y SEGURIDAD,80024481,41660388
2019,ICA,TRES NIVELES DE GOBIERNO,SALUD,1153867,1019286
2019,ICA,TRES NIVELES DE GOBIERNO,SANEAMIENTO,14876449,10555490
2019,ICA,TRES NIVELES DE GOBIERNO,TRANSPORTE,75910675,42022947
2019,ICA,TRES NIVELES DE GOBIERNO,VIVIENDA Y DESARROLLO URBANO,0,0
2019,JUNIN,GOBIERNO NACIONAL,AMBIENTE,23200,16596
2019,JUNIN,GOBIERNO NACIONAL,EDUCACION,16933,13585
2019,JUNIN,GOBIERNOS LOCALES,EDUCACION,2132214,0
2019,JUNIN,GOBIERNOS LOCALES,ORDEN PUBLICO Y SEGURIDAD,4553237,261782
2019,JUNIN,GOBIERNOS LOCALES,PROTECCION SOCIAL,3593798,3414866
2019,JUNIN,GOBIERNOS LOCALES,SANEAMIENTO,2661400,0
2019,JUNIN,GOBIERNOS LOCALES,TRANSPORTE,0,0
2019,JUNIN,TRES NIVELES DE GOBIERNO,AMBIENTE,23200,16596
2019,JUNIN,TRES NIVELES DE GOBIERNO,EDUCACION,2145800,13585
2019,JUNIN,TRES NIVELES DE GOBIERNO,ORDEN PUBLICO Y SEGURIDAD,4553237,261782
2019,JUNIN,TRES NIVELES DE GOBIERNO,PROTECCION SOCIAL,3593798,3414866
2019,JUNIN,TRES NIVELES DE GOBIERNO,SANEAMIENTO,0,0
2019,JUNIN,TRES NIVELES DE GOBIERNO,TRANSPORTE,0,0
2019,LA LIBERTAD,GOBIERNO NACIONAL,AGROPECUARIA,68575250,20582439
2019,LA LIBERTAD,GOBIERNO NACIONAL,AMBIENTE,415690,342706
2019,LA LIBERTAD,GOBIERNO NACIONAL,DEFENSA Y SEGURIDAD NACIONAL,72545,6200
2019,LA LIBERTAD,GOBIERNO NACIONAL,EDUCACION,11588739,3433850
2019,LA LIBERTAD,GOBIERNO NACIONAL,SALUD,15631508,79362
2019,LA LIBERTAD,GOBIERNO NACIONAL,SANEAMIENTO,19215074,6308081
2019,LA LIBERTAD,GOBIERNO NACIONAL,TRANSPORTE,90544830,27217606
2019,LA LIBERTAD,GOBIERNOS LOCALES,AGROPECUARIA,35672211,19127158
2019,LA LIBERTAD,GOBIERNOS LOCALES,EDUCACION,106184778,44231393
2019,LA LIBERTAD,GOBIERNOS LOCALES,ORDEN PUBLICO Y SEGURIDAD,741814,727532
2019,LA LIBERTAD,GOBIERNOS LOCALES,SANEAMIENTO,32033145,20620812
2019,LA LIBERTAD,GOBIERNOS LOCALES,TRANSPORTE,636630872,344725566
2019,LA LIBERTAD,GOBIERNOS LOCALES,VIVIENDA Y DESARROLLO URBANO,23540600,11641659
2019,LA LIBERTAD,GOBIERNOS REGIONALES,ORDEN PUBLICO Y SEGURIDAD,4819042,678300
2019,LA LIBERTAD,GOBIERNOS REGIONALES,TRANSPORTE,45558540,7121329
2019,LA LIBERTAD,TRES NIVELES DE GOBIERNO,AGROPECUARIA,104247461,39709598
2019,LA LIBERTAD,TRES NIVELES DE GOBIERNO,AMBIENTE,415690,342705
2019,LA LIBERTAD,TRES NIVELES DE GOBIERNO,DEFENSA Y SEGURIDAD NACIONAL,72545,6200
2019,LA LIBERTAD,TRES NIVELES DE GOBIERNO,EDUCACION,111769214,47665242
2019,LA LIBERTAD,TRES NIVELES DE GOBIERNO,ORDEN PUBLICO Y SEGURIDAD,5560856,1405832
2019,LA LIBERTAD,TRES NIVELES DE GOBIERNO,SALUD,12973591,79361
2019,LA LIBERTAD,TRES NIVELES DE GOBIERNO,SANEAMIENTO,49358462,26928895
2019,LA LIBERTAD,TRES NIVELES DE GOBIERNO,TRANSPORTE,695780895,379064490
2019,LA LIBERTAD,TRES NIVELES DE GOBIERNO,VIVIENDA Y DESARROLLO URBANO,12420978,11641658
2019,LAMBAYEQUE,GOBIERNO NACIONAL,AGROPECUARIA,66814127,20256188
2019,LAMBAYEQUE,GOBIERNO NACIONAL,AMBIENTE,366182,1863
2019,LAMBAYEQUE,GOBIERNO NACIONAL,EDUCACION,7474517,1067230
2019,LAMBAYEQUE,GOBIERNO NACIONAL,SALUD,27412497,1291169
2019,LAMBAYEQUE,GOBIERNO NACIONAL,SANEAMIENTO,30978730,9959787
2019,LAMBAYEQUE,GOBIERNO NACIONAL,TRANSPORTE,13902841,7306148
2019,LAMBAYEQUE,GOBIERNOS LOCALES,AGROPECUARIA,5179074,3383443
2019,LAMBAYEQUE,GOBIERNOS LOCALES,EDUCACION,63056355,16308186
2019,LAMBAYEQUE,GOBIERNOS LOCALES,SANEAMIENTO,6093839,0
2019,LAMBAYEQUE,GOBIERNOS LOCALES,TRANSPORTE,133731736,65588223
2019,LAMBAYEQUE,GOBIERNOS LOCALES,VIVIENDA Y DESARROLLO URBANO,20556833,7779628
2019,LAMBAYEQUE,GOBIERNOS REGIONALES,AGROPECUARIA,5930334,326611
2019,LAMBAYEQUE,GOBIERNOS REGIONALES,ORDEN PUBLICO Y SEGURIDAD,32564796,6829927
2019,LAMBAYEQUE,GOBIERNOS REGIONALES,TRANSPORTE,3829301,3345024
2019,LAMBAYEQUE,TRES NIVELES DE GOBIERNO,AGROPECUARIA,77744994,23966242
2019,LAMBAYEQUE,TRES NIVELES DE GOBIERNO,AMBIENTE,366182,1863
2019,LAMBAYEQUE,TRES NIVELES DE GOBIERNO,EDUCACION,63810897,17375417
2019,LAMBAYEQUE,TRES NIVELES DE GOBIERNO,ORDEN PUBLICO Y SEGURIDAD,32564796,6829927
2019,LAMBAYEQUE,TRES NIVELES DE GOBIERNO,SALUD,12175164,1291170
2019,LAMBAYEQUE,TRES NIVELES DE GOBIERNO,SANEAMIENTO,31510165,9959787
2019,LAMBAYEQUE,TRES NIVELES DE GOBIERNO,TRANSPORTE,120384409,76239392
2019,LAMBAYEQUE,TRES NIVELES DE GOBIERNO,VIVIENDA Y DESARROLLO URBANO,11383455,7779628
2019,LIMA,GOBIERNO NACIONAL,AGROPECUARIA,175577275,61289575
2019,LIMA,GOBIERNO NACIONAL,AMBIENTE,2637926,1505585
2019,LIMA,GOBIERNO NACIONAL,EDUCACION,48494825,28732634
2019,LIMA,GOBIERNO NACIONAL,ORDEN PUBLICO Y SEGURIDAD,11727368,10473495
2019,LIMA,GOBIERNO NACIONAL,"PLANEAMIENTO, GESTION Y RESERVA DE CONTINGENCIA",18912112,2171704
2019,LIMA,GOBIERNO NACIONAL,SALUD,5281085,231762
2019,LIMA,GOBIERNO NACIONAL,SANEAMIENTO,32617365,9840930
2019,LIMA,GOBIERNO NACIONAL,TRANSPORTE,94534523,50285768
2019,LIMA,GOBIERNO NACIONAL,VIVIENDA Y DESARROLLO URBANO,1773620,0
2019,LIMA,GOBIERNOS LOCALES,AGROPECUARIA,14123334,10085153
2019,LIMA,GOBIERNOS LOCALES,EDUCACION,2437500,0
2019,LIMA,GOBIERNOS LOCALES,"PLANEAMIENTO, GESTION Y RESERVA DE CONTINGENCIA",96741,86311
2019,LIMA,GOBIERNOS LOCALES,SANEAMIENTO,20957825,10184520
2019,LIMA,GOBIERNOS LOCALES,TRANSPORTE,113202004,35483213
2019,LIMA,GOBIERNOS LOCALES,VIVIENDA Y DESARROLLO URBANO,23952794,3618448
2019,LIMA,GOBIERNOS REGIONALES,ORDEN PUBLICO Y SEGURIDAD,98177418,26899047
2019,LIMA,GOBIERNOS REGIONALES,TRANSPORTE,96988676,64475849
2019,LIMA,TRES NIVELES DE GOBIERNO,AGROPECUARIA,189556850,71374729
2019,LIMA,TRES NIVELES DE GOBIERNO,AMBIENTE,2637926,1505583
2019,LIMA,TRES NIVELES DE GOBIERNO,EDUCACION,33350485,28732633
2019,LIMA,TRES NIVELES DE GOBIERNO,ORDEN PUBLICO Y SEGURIDAD,106684924,37372542
2019,LIMA,TRES NIVELES DE GOBIERNO,"PLANEAMIENTO, GESTION Y RESERVA DE CONTINGENCIA",19008853,2258015
2019,LIMA,TRES NIVELES DE GOBIERNO,SALUD,4262202,231763
2019,LIMA,TRES NIVELES DE GOBIERNO,SANEAMIENTO,47899358,20025449
2019,LIMA,TRES NIVELES DE GOBIERNO,TRANSPORTE,280666572,150244832
2019,LIMA,TRES NIVELES DE GOBIERNO,VIVIENDA Y DESARROLLO URBANO,7710335,3618448
2019,LORETO,GOBIERNO NACIONAL,EDUCACION,2419902,0
2019,LORETO,GOBIERNO NACIONAL,SALUD,380514,1795
2019,LORETO,GOBIERNOS LOCALES,EDUCACION,2516110,15000
2019,LORETO,GOBIERNOS LOCALES,TRANSPORTE,3609668,2296435
2019,LORETO,TRES NIVELES DE GOBIERNO,EDUCACION,4936012,15000
2019,LORETO,TRES NIVELES DE GOBIERNO,SALUD,1795,1795
2019,LORETO,TRES NIVELES DE GOBIERNO,TRANSPORTE,3609668,2296435
2019,MADRE DE DIOS,GOBIERNO NACIONAL,AMBIENTE,45880,34716
2019,MADRE DE DIOS,TRES NIVELES DE GOBIERNO,AMBIENTE,45880,34716
2019,MOQUEGUA,GOBIERNOS LOCALES,AGROPECUARIA,7621380,1682290
2019,MOQUEGUA,GOBIERNOS LOCALES,EDUCACION,607126,10180
2019,MOQUEGUA,GOBIERNOS LOCALES,TRANSPORTE,1167927,237204
2019,MOQUEGUA,GOBIERNOS REGIONALES,AGROPECUARIA,9013024,2500517
2019,MOQUEGUA,GOBIERNOS REGIONALES,TRANSPORTE,143965,131754
2019,MOQUEGUA,TRES NIVELES DE GOBIERNO,AGROPECUARIA,16634404,4182806
2019,MOQUEGUA,TRES NIVELES DE GOBIERNO,EDUCACION,607126,10180
2019,MOQUEGUA,TRES NIVELES DE GOBIERNO,TRANSPORTE,1311892,368958
2019,NACIONAL,GOBIERNO NACIONAL,AGROPECUARIA,550736597,179824687
2019,NACIONAL,GOBIERNO NACIONAL,AMBIENTE,7532775,4608264
2019,NACIONAL,GOBIERNO NACIONAL,COMUNICACIONES,358725,94571
2019,NACIONAL,GOBIERNO NACIONAL,DEFENSA Y SEGURIDAD NACIONAL,681954,546156
2019,NACIONAL,GOBIERNO NACIONAL,EDUCACION,98353416,70470184
2019,NACIONAL,GOBIERNO NACIONAL,ORDEN PUBLICO Y SEGURIDAD,11727368,10473495
2019,NACIONAL,GOBIERNO NACIONAL,"PLANEAMIENTO, GESTION Y RESERVA DE CONTINGENCIA",19766667,2694226
2019,NACIONAL,GOBIERNO NACIONAL,SALUD,90586897,9450220
2019,NACIONAL,GOBIERNO NACIONAL,SANEAMIENTO,163400374,60028908
2019,NACIONAL,GOBIERNO NACIONAL,TRANSPORTE,1038917984,212586278
2019,NACIONAL,GOBIERNO NACIONAL,VIVIENDA Y DESARROLLO URBANO,29986518,0
2019,NACIONAL,GOBIERNOS LOCALES,AGROPECUARIA,115617728,70925015
2019,NACIONAL,GOBIERNOS LOCALES,AMBIENTE,0,0
2019,NACIONAL,GOBIERNOS LOCALES,CULTURA Y DEPORTE,104496,0
2019,NACIONAL,GOBIERNOS LOCALES,EDUCACION,384255853,129214066
2019,NACIONAL,GOBIERNOS LOCALES,ORDEN PUBLICO Y SEGURIDAD,147436035,68161797
2019,NACIONAL,GOBIERNOS LOCALES,"PLANEAMIENTO, GESTION Y RESERVA DE CONTINGENCIA",215041,86311
2019,NACIONAL,GOBIERNOS LOCALES,PROTECCION SOCIAL,3593798,3414866
2019,NACIONAL,GOBIERNOS LOCALES,SALUD,1918313,0
2019,NACIONAL,GOBIERNOS LOCALES,SANEAMIENTO,258463672,149035640
2019,NACIONAL,GOBIERNOS LOCALES,TRANSPORTE,1847819900,1164807844
2019,NACIONAL,GOBIERNOS LOCALES,VIVIENDA Y DESARROLLO URBANO,70591214,47030496
2019,NACIONAL,GOBIERNOS REGIONALES,AGROPECUARIA,253162517,99588893
2019,NACIONAL,GOBIERNOS REGIONALES,AMBIENTE,27397,0
2019,NACIONAL,GOBIERNOS REGIONALES,COMUNICACIONES,812,812
2019,NACIONAL,GOBIERNOS REGIONALES,EDUCACION,16392793,1681406
2019,NACIONAL,GOBIERNOS REGIONALES,ORDEN PUBLICO Y SEGURIDAD,255974089,74857934
2019,NACIONAL,GOBIERNOS REGIONALES,PROTECCION SOCIAL,43866562,12588716
2019,NACIONAL,GOBIERNOS REGIONALES,SALUD,219694732,70928339
2019,NACIONAL,GOBIERNOS REGIONALES,SANEAMIENTO,1561827,129609
2019,NACIONAL,GOBIERNOS REGIONALES,TRANSPORTE,719198573,138432872
2019,NACIONAL,GOBIERNOS REGIONALES,VIVIENDA Y DESARROLLO URBANO,712392,0
2019,NACIONAL,TRES NIVELES DE GOBIERNO,AGROPECUARIA,919516842,350338596
2019,NACIONAL,TRES NIVELES DE GOBIERNO,AMBIENTE,7560172,4608264
2019,NACIONAL,TRES NIVELES DE GOBIERNO,COMUNICACIONES,359537,95383
2019,NACIONAL,TRES NIVELES DE GOBIERNO,CULTURA Y DEPORTE,104496,0
2019,NACIONAL,TRES NIVELES DE GOBIERNO,DEFENSA Y SEGURIDAD NACIONAL,681954,546156
2019,NACIONAL,TRES NIVELES DE GOBIERNO,EDUCACION,499002062,201365656
2019,NACIONAL,TRES NIVELES DE GOBIERNO,ORDEN PUBLICO Y SEGURIDAD,415137492,153493226
2019,NACIONAL,TRES NIVELES DE GOBIERNO,"PLANEAMIENTO, GESTION Y RESERVA DE CONTINGENCIA",19981708,2780537
2019,NACIONAL,TRES NIVELES DE GOBIERNO,PROTECCION SOCIAL,47460360,16003582
2019,NACIONAL,TRES NIVELES DE GOBIERNO,SALUD,312199942,80378560
2019,NACIONAL,TRES NIVELES DE GOBIERNO,SANEAMIENTO,423425873,209194157
2019,NACIONAL,TRES NIVELES DE GOBIERNO,TRANSPORTE,3605936457,1515826995
2019,NACIONAL,TRES NIVELES DE GOBIERNO,VIVIENDA Y DESARROLLO URBANO,101290124,47030496
2019,PASCO,GOBIERNOS LOCALES,EDUCACION,363409,360929
2019,PASCO,GOBIERNOS LOCALES,ORDEN PUBLICO Y SEGURIDAD,2524192,1250914
2019,PASCO,GOBIERNOS LOCALES,SANEAMIENTO,1013050,744718
2019,PASCO,GOBIERNOS LOCALES,TRANSPORTE,708636,44000
2019,PASCO,GOBIERNOS REGIONALES,EDUCACION,630374,0
2019,PASCO,GOBIERNOS REGIONALES,ORDEN PUBLICO Y SEGURIDAD,12465660,527785
2019,PASCO,TRES NIVELES DE GOBIERNO,EDUCACION,993783,360929
2019,PASCO,TRES NIVELES DE GOBIERNO,ORDEN PUBLICO Y SEGURIDAD,14989852,1778699
2019,PASCO,TRES NIVELES DE GOBIERNO,SANEAMIENTO,1013050,744719
2019,PASCO,TRES NIVELES DE GOBIERNO,TRANSPORTE,708636,44000
2019,PIURA,GOBIERNO NACIONAL,AGROPECUARIA,99132739,39627338
2019,PIURA,GOBIERNO NACIONAL,AMBIENTE,2009887,1376945
2019,PIURA,GOBIERNO NACIONAL,DEFENSA Y SEGURIDAD NACIONAL,208451,139918
2019,PIURA,GOBIERNO NACIONAL,EDUCACION,154537632,23917208
2019,PIURA,GOBIERNO NACIONAL,SALUD,87471987,3691527
2019,PIURA,GOBIERNO NACIONAL,SANEAMIENTO,56082900,24756517
2019,PIURA,GOBIERNO NACIONAL,TRANSPORTE,179219116,37225826
2019,PIURA,GOBIERNO NACIONAL,VIVIENDA Y DESARROLLO URBANO,15095795,0
2019,PIURA,GOBIERNOS LOCALES,AGROPECUARIA,25487090,21292941
2019,PIURA,GOBIERNOS LOCALES,EDUCACION,175495290,50171182
2019,PIURA,GOBIERNOS LOCALES,ORDEN PUBLICO Y SEGURIDAD,28909252,19176238
2019,PIURA,GOBIERNOS LOCALES,"PLANEAMIENTO, GESTION Y RESERVA DE CONTINGENCIA",1075,0
2019,PIURA,GOBIERNOS LOCALES,SANEAMIENTO,67999587,43756320
2019,PIURA,GOBIERNOS LOCALES,TRANSPORTE,579713817,374036905
2019,PIURA,GOBIERNOS LOCALES,VIVIENDA Y DESARROLLO URBANO,15522967,2158317
2019,PIURA,GOBIERNOS REGIONALES,AGROPECUARIA,236313703,96635247
2019,PIURA,GOBIERNOS REGIONALES,AMBIENTE,27397,0
2019,PIURA,GOBIERNOS REGIONALES,COMUNICACIONES,812,812
2019,PIURA,GOBIERNOS REGIONALES,ORDEN PUBLICO Y SEGURIDAD,20017,20017
2019,PIURA,GOBIERNOS REGIONALES,SALUD,274446858,70928339
2019,PIURA,GOBIERNOS REGIONALES,SANEAMIENTO,1565668,0
2019,PIURA,GOBIERNOS REGIONALES,TRANSPORTE,475166231,20643189
2019,PIURA,GOBIERNOS REGIONALES,VIVIENDA Y DESARROLLO URBANO,712392,0
2019,PIURA,TRES NIVELES DE GOBIERNO,AGROPECUARIA,359471032,157555524
2019,PIURA,TRES NIVELES DE GOBIERNO,AMBIENTE,2037284,1376946
2019,PIURA,TRES NIVELES DE GOBIERNO,COMUNICACIONES,812,812
2019,PIURA,TRES NIVELES DE GOBIERNO,DEFENSA Y SEGURIDAD NACIONAL,208451,139918
2019,PIURA,TRES NIVELES DE GOBIERNO,EDUCACION,190623663,74088386
2019,PIURA,TRES NIVELES DE GOBIERNO,ORDEN PUBLICO Y SEGURIDAD,28929269,19196255
2019,PIURA,TRES NIVELES DE GOBIERNO,"PLANEAMIENTO, GESTION Y RESERVA DE CONTINGENCIA",1075,0
2019,PIURA,TRES NIVELES DE GOBIERNO,SALUD,249246071,74619869
2019,PIURA,TRES NIVELES DE GOBIERNO,SANEAMIENTO,118692020,68512836
2019,PIURA,TRES NIVELES DE GOBIERNO,TRANSPORTE,1171450758,431905916
2019,PIURA,TRES NIVELES DE GOBIERNO,VIVIENDA Y DESARROLLO URBANO,23665209,2158317
2019,PROVINCIA CONSTITUCIONAL DEL CALLAO,GOBIERNO NACIONAL,DEFENSA Y SEGURIDAD NACIONAL,272968,272847
2019,PROVINCIA CONSTITUCIONAL DEL CALLAO,TRES NIVELES DE GOBIERNO,DEFENSA Y SEGURIDAD NACIONAL,272968,272847
2019,PUNO,GOBIERNO NACIONAL,AMBIENTE,152710,140563
2019,PUNO,TRES NIVELES DE GOBIERNO,AMBIENTE,152710,140563
2019,SAN MARTIN,GOBIERNOS LOCALES,ORDEN PUBLICO Y SEGURIDAD,26901140,8060849
2019,SAN MARTIN,GOBIERNOS REGIONALES,EDUCACION,3531623,1534466
2019,SAN MARTIN,GOBIERNOS REGIONALES,SANEAMIENTO,1364790,102609
2019,SAN MARTIN,TRES NIVELES DE GOBIERNO,EDUCACION,3531623,1534465
2019,SAN MARTIN,TRES NIVELES DE GOBIERNO,ORDEN PUBLICO Y SEGURIDAD,26901140,8060849
2019,SAN MARTIN,TRES NIVELES DE GOBIERNO,SANEAMIENTO,1364790,102609
2019,TACNA,GOBIERNO NACIONAL,AMBIENTE,83373,79223
2019,TACNA,TRES NIVELES DE GOBIERNO,AMBIENTE,83373,79223
2019,TUMBES,GOBIERNO NACIONAL,AGROPECUARIA,65659926,16584591
2019,TUMBES,GOBIERNO NACIONAL,DEFENSA Y SEGURIDAD NACIONAL,127990,127191
2019,TUMBES,GOBIERNO NACIONAL,EDUCACION,12371486,928900
2019,TUMBES,GOBIERNO NACIONAL,"PLANEAMIENTO, GESTION Y RESERVA DE CONTINGENCIA",521505,273818
2019,TUMBES,GOBIERNO NACIONAL,SALUD,7384970,11361
2019,TUMBES,GOBIERNO NACIONAL,SANEAMIENTO,13328480,3531070
2019,TUMBES,GOBIERNO NACIONAL,TRANSPORTE,2058927,0
2019,TUMBES,GOBIERNO NACIONAL,VIVIENDA Y DESARROLLO URBANO,16027075,0
2019,TUMBES,GOBIERNOS LOCALES,AGROPECUARIA,1857458,853692
2019,TUMBES,GOBIERNOS LOCALES,EDUCACION,195088,195034
2019,TUMBES,GOBIERNOS LOCALES,ORDEN PUBLICO Y SEGURIDAD,13469322,0
2019,TUMBES,GOBIERNOS LOCALES,TRANSPORTE,28248035,15519018
2019,TUMBES,GOBIERNOS LOCALES,VIVIENDA Y DESARROLLO URBANO,648354,513287
2019,TUMBES,GOBIERNOS REGIONALES,EDUCACION,9313241,0
2019,TUMBES,GOBIERNOS REGIONALES,ORDEN PUBLICO Y SEGURIDAD,19951076,0
2019,TUMBES,GOBIERNOS REGIONALES,TRANSPORTE,17715443,15306654
2019,TUMBES,TRES NIVELES DE GOBIERNO,AGROPECUARIA,67517384,17438281
2019,TUMBES,TRES NIVELES DE GOBIERNO,DEFENSA Y SEGURIDAD NACIONAL,127990,127191
2019,TUMBES,TRES NIVELES DE GOBIERNO,EDUCACION,10997205,1123934
2019,TUMBES,TRES NIVELES DE GOBIERNO,ORDEN PUBLICO Y SEGURIDAD,33420398,0
2019,TUMBES,TRES NIVELES DE GOBIERNO,"PLANEAMIENTO, GESTION Y RESERVA DE CONTINGENCIA",521505,273818
2019,TUMBES,TRES NIVELES DE GOBIERNO,SALUD,265426,11361
2019,TUMBES,TRES NIVELES DE GOBIERNO,SANEAMIENTO,13328480,3531070
2019,TUMBES,TRES NIVELES DE GOBIERNO,TRANSPORTE,44203590,30825672
2019,TUMBES,TRES NIVELES DE GOBIERNO,VIVIENDA Y DESARROLLO URBANO,16550349,513287
2019,UCAYALI,GOBIERNO NACIONAL,AMBIENTE,52190,42061
2019,UCAYALI,GOBIERNOS LOCALES,SANEAMIENTO,245169,30500
2019,UCAYALI,GOBIERNOS LOCALES,TRANSPORTE,5502608,95954
2019,UCAYALI,TRES NIVELES DE GOBIERNO,AMBIENTE,52190,42061
2019,UCAYALI,TRES NIVELES DE GOBIERNO,SANEAMIENTO,245169,30500
2019,UCAYALI,TRES NIVELES DE GOBIERNO,TRANSPORTE,5502608,95954
2020, ,GOBIERNOS LOCALES,TRANSPORTE,0,0
2020, ,TRES NIVELES DE GOBIERNO,TRANSPORTE,0,0
2020,AMAZONAS,GOBIERNOS LOCALES,AGROPECUARIA,37000,3000
2020,AMAZONAS,GOBIERNOS LOCALES,CULTURA Y DEPORTE,104496,104496
2020,AMAZONAS,GOBIERNOS LOCALES,EDUCACION,595495,595493
2020,AMAZONAS,GOBIERNOS LOCALES,"PLANEAMIENTO, GESTION Y RESERVA DE CONTINGENCIA",117225,7000
2020,AMAZONAS,GOBIERNOS LOCALES,SANEAMIENTO,111661,83485
2020,AMAZONAS,GOBIERNOS LOCALES,TRANSPORTE,1671213,743705
2020,AMAZONAS,GOBIERNOS LOCALES,VIVIENDA Y DESARROLLO URBANO,56844,0
2020,AMAZONAS,TRES NIVELES DE GOBIERNO,AGROPECUARIA,37000,3000
2020,AMAZONAS,TRES NIVELES DE GOBIERNO,CULTURA Y DEPORTE,104496,104496
2020,AMAZONAS,TRES NIVELES DE GOBIERNO,EDUCACION,595495,595493
2020,AMAZONAS,TRES NIVELES DE GOBIERNO,"PLANEAMIENTO, GESTION Y RESERVA DE CONTINGENCIA",117225,7000
2020,AMAZONAS,TRES NIVELES DE GOBIERNO,SANEAMIENTO,111661,83485
2020,AMAZONAS,TRES NIVELES DE GOBIERNO,TRANSPORTE,1671213,743705
2020,AMAZONAS,TRES NIVELES DE GOBIERNO,VIVIENDA Y DESARROLLO URBANO,56844,0
2020,ANCASH,GOBIERNO NACIONAL,AGROPECUARIA,72021700,19436414
2020,ANCASH,GOBIERNO NACIONAL,EDUCACION,226383055,2772713
2020,ANCASH,GOBIERNO NACIONAL,ORDEN PUBLICO Y SEGURIDAD,36296296,0
2020,ANCASH,GOBIERNO NACIONAL,PESCA,123758,0
2020,ANCASH,GOBIERNO NACIONAL,SALUD,203798705,4646500
2020,ANCASH,GOBIERNO NACIONAL,SANEAMIENTO,7885003,1371366
2020,ANCASH,GOBIERNO NACIONAL,TRANSPORTE,204716274,108069606
2020,ANCASH,GOBIERNOS LOCALES,AGROPECUARIA,22635567,7239946
2020,ANCASH,GOBIERNOS LOCALES,EDUCACION,182755899,63531328
2020,ANCASH,GOBIERNOS LOCALES,ORDEN PUBLICO Y SEGURIDAD,235884,233164
2020,ANCASH,GOBIERNOS LOCALES,"PLANEAMIENTO, GESTION Y RESERVA DE CONTINGENCIA",0,0
2020,ANCASH,GOBIERNOS LOCALES,SALUD,1494828,587126
2020,ANCASH,GOBIERNOS LOCALES,SANEAMIENTO,10668835,6486559
2020,ANCASH,GOBIERNOS LOCALES,TRANSPORTE,86074431,38060954
2020,ANCASH,GOBIERNOS LOCALES,VIVIENDA Y DESARROLLO URBANO,8570,0
2020,ANCASH,GOBIERNOS REGIONALES,EDUCACION,88264,0
2020,ANCASH,GOBIERNOS REGIONALES,ORDEN PUBLICO Y SEGURIDAD,32375169,16962431
2020,ANCASH,GOBIERNOS REGIONALES,"PLANEAMIENTO, GESTION Y RESERVA DE CONTINGENCIA",7932579,0
2020,ANCASH,TRES NIVELES DE GOBIERNO,AGROPECUARIA,94657267,26676359
2020,ANCASH,TRES NIVELES DE GOBIERNO,EDUCACION,409227218,66304041
2020,ANCASH,TRES NIVELES DE GOBIERNO,ORDEN PUBLICO Y SEGURIDAD,32611053,17195595
2020,ANCASH,TRES NIVELES DE GOBIERNO,PESCA,123758,0
2020,ANCASH,TRES NIVELES DE GOBIERNO,"PLANEAMIENTO, GESTION Y RESERVA DE CONTINGENCIA",7932579,0
2020,ANCASH,TRES NIVELES DE GOBIERNO,SALUD,84513008,5233627
2020,ANCASH,TRES NIVELES DE GOBIERNO,SANEAMIENTO,18553838,7857924
2020,ANCASH,TRES NIVELES DE GOBIERNO,TRANSPORTE,290790705,146130562
2020,ANCASH,TRES NIVELES DE GOBIERNO,VIVIENDA Y DESARROLLO URBANO,8570,0
2020,AREQUIPA,GOBIERNO NACIONAL,AGROPECUARIA,1688666,1077672
2020,AREQUIPA,GOBIERNO NACIONAL,AMBIENTE,145864,141525
2020,AREQUIPA,GOBIERNO NACIONAL,SANEAMIENTO,1881436,59393
2020,AREQUIPA,GOBIERNO NACIONAL,TRANSPORTE,129933683,37567437
2020,AREQUIPA,GOBIERNOS LOCALES,AGROPECUARIA,6144206,3015614
2020,AREQUIPA,GOBIERNOS LOCALES,EDUCACION,3567282,5170
2020,AREQUIPA,GOBIERNOS LOCALES,ORDEN PUBLICO Y SEGURIDAD,839935,717230
2020,AREQUIPA,GOBIERNOS LOCALES,SANEAMIENTO,5228189,1718593
2020,AREQUIPA,GOBIERNOS LOCALES,TRANSPORTE,15285421,4134308
2020,AREQUIPA,GOBIERNOS REGIONALES,TRANSPORTE,60681886,28325741
2020,AREQUIPA,TRES NIVELES DE GOBIERNO,AGROPECUARIA,7832872,4093285
2020,AREQUIPA,TRES NIVELES DE GOBIERNO,AMBIENTE,145864,141525
2020,AREQUIPA,TRES NIVELES DE GOBIERNO,EDUCACION,3567282,5170
2020,AREQUIPA,TRES NIVELES DE GOBIERNO,ORDEN PUBLICO Y SEGURIDAD,839935,717230
2020,AREQUIPA,TRES NIVELES DE GOBIERNO,SANEAMIENTO,7109625,1777987
2020,AREQUIPA,TRES NIVELES DE GOBIERNO,TRANSPORTE,205900990,70027488
2020,AYACUCHO,GOBIERNO NACIONAL,AMBIENTE,3879,1495
2020,AYACUCHO,GOBIERNO NACIONAL,EDUCACION,229300,0
2020,AYACUCHO,GOBIERNO NACIONAL,SANEAMIENTO,158495,33290
2020,AYACUCHO,GOBIERNO NACIONAL,TRANSPORTE,1377188,587520
2020,AYACUCHO,GOBIERNOS LOCALES,AGROPECUARIA,30523870,7481062
2020,AYACUCHO,GOBIERNOS LOCALES,EDUCACION,15707532,11749488
2020,AYACUCHO,GOBIERNOS LOCALES,ORDEN PUBLICO Y SEGURIDAD,21443853,16085034
2020,AYACUCHO,GOBIERNOS LOCALES,SANEAMIENTO,21582113,12481188
2020,AYACUCHO,GOBIERNOS LOCALES,TRANSPORTE,44701562,28089534
2020,AYACUCHO,GOBIERNOS LOCALES,VIVIENDA Y DESARROLLO URBANO,3258807,3227326
2020,AYACUCHO,GOBIERNOS REGIONALES,TRANSPORTE,1317011,0
2020,AYACUCHO,TRES NIVELES DE GOBIERNO,AGROPECUARIA,30523870,7481061
2020,AYACUCHO,TRES NIVELES DE GOBIERNO,AMBIENTE,3879,1495
2020,AYACUCHO,TRES NIVELES DE GOBIERNO,EDUCACION,15936832,11749487
2020,AYACUCHO,TRES NIVELES DE GOBIERNO,ORDEN PUBLICO Y SEGURIDAD,21443853,16085034
2020,AYACUCHO,TRES NIVELES DE GOBIERNO,SANEAMIENTO,21740608,12514479
2020,AYACUCHO,TRES NIVELES DE GOBIERNO,TRANSPORTE,47395761,28677053
2020,AYACUCHO,TRES NIVELES DE GOBIERNO,VIVIENDA Y DESARROLLO URBANO,3258807,3227326
2020,CAJAMARCA,GOBIERNO NACIONAL,AMBIENTE,937981,922747
2020,CAJAMARCA,GOBIERNO NACIONAL,EDUCACION,2094812,187400
2020,CAJAMARCA,GOBIERNO NACIONAL,"PLANEAMIENTO, GESTION Y RESERVA DE CONTINGENCIA",184345,184290
2020,CAJAMARCA,GOBIERNO NACIONAL,SALUD,1777174,80042
2020,CAJAMARCA,GOBIERNO NACIONAL,SANEAMIENTO,135721,40540
2020,CAJAMARCA,GOBIERNO NACIONAL,TRANSPORTE,16899345,10295429
2020,CAJAMARCA,GOBIERNOS LOCALES,AGROPECUARIA,2224594,1446803
2020,CAJAMARCA,GOBIERNOS LOCALES,EDUCACION,24428532,6679422
2020,CAJAMARCA,GOBIERNOS LOCALES,ORDEN PUBLICO Y SEGURIDAD,13063105,766312
2020,CAJAMARCA,GOBIERNOS LOCALES,"PLANEAMIENTO, GESTION Y RESERVA DE CONTINGENCIA",0,0
2020,CAJAMARCA,GOBIERNOS LOCALES,SALUD,422176,422176
2020,CAJAMARCA,GOBIERNOS LOCALES,SANEAMIENTO,71386969,43904489
2020,CAJAMARCA,GOBIERNOS LOCALES,TRANSPORTE,96475767,50320360
2020,CAJAMARCA,GOBIERNOS LOCALES,VIVIENDA Y DESARROLLO URBANO,4105602,2302412
2020,CAJAMARCA,GOBIERNOS REGIONALES,"PLANEAMIENTO, GESTION Y RESERVA DE CONTINGENCIA",660240,0
2020,CAJAMARCA,TRES NIVELES DE GOBIERNO,AGROPECUARIA,2224594,1446803
2020,CAJAMARCA,TRES NIVELES DE GOBIERNO,AMBIENTE,937981,922747
2020,CAJAMARCA,TRES NIVELES DE GOBIERNO,EDUCACION,26523344,6866822
2020,CAJAMARCA,TRES NIVELES DE GOBIERNO,ORDEN PUBLICO Y SEGURIDAD,13063105,766312
2020,CAJAMARCA,TRES NIVELES DE GOBIERNO,"PLANEAMIENTO, GESTION Y RESERVA DE CONTINGENCIA",844585,184289
2020,CAJAMARCA,TRES NIVELES DE GOBIERNO,SALUD,1592917,502218
2020,CAJAMARCA,TRES NIVELES DE GOBIERNO,SANEAMIENTO,71522690,43945025
2020,CAJAMARCA,TRES NIVELES DE GOBIERNO,TRANSPORTE,113677416,60610345
2020,CAJAMARCA,TRES NIVELES DE GOBIERNO,VIVIENDA Y DESARROLLO URBANO,4105602,2302413
2020,CUSCO,GOBIERNO NACIONAL,AMBIENTE,4701,0
2020,CUSCO,GOBIERNOS LOCALES,ORDEN PUBLICO Y SEGURIDAD,5013445,4319607
2020,CUSCO,GOBIERNOS REGIONALES,ORDEN PUBLICO Y SEGURIDAD,2577935,2577935
2020,CUSCO,TRES NIVELES DE GOBIERNO,AMBIENTE,4701,0
2020,CUSCO,TRES NIVELES DE GOBIERNO,ORDEN PUBLICO Y SEGURIDAD,7591380,6897542
2020,HUANCAVELICA,GOBIERNO NACIONAL,AGROPECUARIA,408439,165480
2020,HUANCAVELICA,GOBIERNO NACIONAL,EDUCACION,2907708,913800
2020,HUANCAVELICA,GOBIERNO NACIONAL,ORDEN PUBLICO Y SEGURIDAD,1140166,1140166
2020,HUANCAVELICA,GOBIERNO NACIONAL,SANEAMIENTO,163822,40053
2020,HUANCAVELICA,GOBIERNO NACIONAL,TRANSPORTE,16634131,3172687
2020,HUANCAVELICA,GOBIERNOS LOCALES,EDUCACION,19232205,5172325
2020,HUANCAVELICA,GOBIERNOS LOCALES,ORDEN PUBLICO Y SEGURIDAD,68666,68666
2020,HUANCAVELICA,GOBIERNOS LOCALES,SANEAMIENTO,18444992,12357464
2020,HUANCAVELICA,GOBIERNOS LOCALES,TRANSPORTE,16231502,9832299
2020,HUANCAVELICA,GOBIERNOS REGIONALES,ORDEN PUBLICO Y SEGURIDAD,131929,3868
2020,HUANCAVELICA,GOBIERNOS REGIONALES,PROTECCION SOCIAL,31251506,7393700
2020,HUANCAVELICA,GOBIERNOS REGIONALES,TRANSPORTE,19009485,8772418
2020,HUANCAVELICA,TRES NIVELES DE GOBIERNO,AGROPECUARIA,408439,165480
2020,HUANCAVELICA,TRES NIVELES DE GOBIERNO,EDUCACION,22139913,6086125
2020,HUANCAVELICA,TRES NIVELES DE GOBIERNO,ORDEN PUBLICO Y SEGURIDAD,1340761,1212699
2020,HUANCAVELICA,TRES NIVELES DE GOBIERNO,PROTECCION SOCIAL,31251506,7393700
2020,HUANCAVELICA,TRES NIVELES DE GOBIERNO,SANEAMIENTO,18608814,12397516
2020,HUANCAVELICA,TRES NIVELES DE GOBIERNO,TRANSPORTE,51875118,21777407
2020,HUANUCO,GOBIERNOS LOCALES,AGROPECUARIA,2579199,613628
2020,HUANUCO,GOBIERNOS LOCALES,ORDEN PUBLICO Y SEGURIDAD,2856750,0
2020,HUANUCO,GOBIERNOS LOCALES,TRANSPORTE,10856959,3240512
2020,HUANUCO,GOBIERNOS REGIONALES,AGROPECUARIA,1726369,1562758
2020,HUANUCO,GOBIERNOS REGIONALES,EDUCACION,2044071,1384780
2020,HUANUCO,GOBIERNOS REGIONALES,ORDEN PUBLICO Y SEGURIDAD,4008175,3394222
2020,HUANUCO,GOBIERNOS REGIONALES,SALUD,51549,49549
2020,HUANUCO,GOBIERNOS REGIONALES,SANEAMIENTO,170037,62297
2020,HUANUCO,TRES NIVELES DE GOBIERNO,AGROPECUARIA,4305568,2176386
2020,HUANUCO,TRES NIVELES DE GOBIERNO,EDUCACION,2044071,1384780
2020,HUANUCO,TRES NIVELES DE GOBIERNO,ORDEN PUBLICO Y SEGURIDAD,6864925,3394222
2020,HUANUCO,TRES NIVELES DE GOBIERNO,SALUD,51549,49549
2020,HUANUCO,TRES NIVELES DE GOBIERNO,SANEAMIENTO,170037,62296
2020,HUANUCO,TRES NIVELES DE GOBIERNO,TRANSPORTE,10856959,3240513
2020,ICA,GOBIERNO NACIONAL,AGROPECUARIA,21895362,422168
2020,ICA,GOBIERNO NACIONAL,AMBIENTE,84678,64529
2020,ICA,GOBIERNO NACIONAL,EDUCACION,1312373,362413
2020,ICA,GOBIERNO NACIONAL,ORDEN PUBLICO Y SEGURIDAD,40721511,40721509
2020,ICA,GOBIERNO NACIONAL,SALUD,16098288,8000
2020,ICA,GOBIERNO NACIONAL,SANEAMIENTO,166086,8351
2020,ICA,GOBIERNO NACIONAL,TRANSPORTE,38980265,17907944
2020,ICA,GOBIERNOS LOCALES,AGROPECUARIA,1967373,1272737
2020,ICA,GOBIERNOS LOCALES,EDUCACION,895266,0
2020,ICA,GOBIERNOS LOCALES,ORDEN PUBLICO Y SEGURIDAD,949119,783461
2020,ICA,GOBIERNOS LOCALES,SANEAMIENTO,18546531,9004863
2020,ICA,GOBIERNOS LOCALES,TRANSPORTE,28678142,5775686
2020,ICA,GOBIERNOS REGIONALES,EDUCACION,0,0
2020,ICA,GOBIERNOS REGIONALES,ORDEN PUBLICO Y SEGURIDAD,201078938,31284805
2020,ICA,GOBIERNOS REGIONALES,"PLANEAMIENTO, GESTION Y RESERVA DE CONTINGENCIA",749745,0
2020,ICA,GOBIERNOS REGIONALES,TRANSPORTE,60242676,1488864
2020,ICA,TRES NIVELES DE GOBIERNO,AGROPECUARIA,23862735,1694906
2020,ICA,TRES NIVELES DE GOBIERNO,AMBIENTE,84678,64529
2020,ICA,TRES NIVELES DE GOBIERNO,EDUCACION,2207639,362413
2020,ICA,TRES NIVELES DE GOBIERNO,ORDEN PUBLICO Y SEGURIDAD,240764141,72789775
2020,ICA,TRES NIVELES DE GOBIERNO,"PLANEAMIENTO, GESTION Y RESERVA DE CONTINGENCIA",749745,0
2020,ICA,TRES NIVELES DE GOBIERNO,SALUD,16098288,8000
2020,ICA,TRES NIVELES DE GOBIERNO,SANEAMIENTO,18712617,9013212
2020,ICA,TRES NIVELES DE GOBIERNO,TRANSPORTE,127901083,25172493
2020,JUNIN,GOBIERNOS LOCALES,EDUCACION,2132214,2075614
2020,JUNIN,GOBIERNOS LOCALES,ORDEN PUBLICO Y SEGURIDAD,6200952,3801645
2020,JUNIN,GOBIERNOS LOCALES,PROTECCION SOCIAL,178932,178797
2020,JUNIN,GOBIERNOS LOCALES,TRANSPORTE,1799481,0
2020,JUNIN,TRES NIVELES DE GOBIERNO,EDUCACION,2132214,2075615
2020,JUNIN,TRES NIVELES DE GOBIERNO,ORDEN PUBLICO Y SEGURIDAD,6200952,3801645
2020,JUNIN,TRES NIVELES DE GOBIERNO,PROTECCION SOCIAL,178932,178797
2020,JUNIN,TRES NIVELES DE GOBIERNO,TRANSPORTE,1799481,0
2020,LA LIBERTAD,GOBIERNO NACIONAL,AGROPECUARIA,98852115,20350982
2020,LA LIBERTAD,GOBIERNO NACIONAL,AMBIENTE,10829,10828
2020,LA LIBERTAD,GOBIERNO NACIONAL,DEFENSA Y SEGURIDAD NACIONAL,2451561,1392680
2020,LA LIBERTAD,GOBIERNO NACIONAL,EDUCACION,48390265,593482
2020,LA LIBERTAD,GOBIERNO NACIONAL,ORDEN PUBLICO Y SEGURIDAD,36553368,0
2020,LA LIBERTAD,GOBIERNO NACIONAL,SALUD,12887807,612670
2020,LA LIBERTAD,GOBIERNO NACIONAL,SANEAMIENTO,28888252,4858418
2020,LA LIBERTAD,GOBIERNO NACIONAL,TRANSPORTE,159652428,97953689
2020,LA LIBERTAD,GOBIERNOS LOCALES,AGROPECUARIA,30536402,13456300
2020,LA LIBERTAD,GOBIERNOS LOCALES,EDUCACION,272496256,128100585
2020,LA LIBERTAD,GOBIERNOS LOCALES,ORDEN PUBLICO Y SEGURIDAD,21099509,9505550
2020,LA LIBERTAD,GOBIERNOS LOCALES,SANEAMIENTO,17470818,15171310
2020,LA LIBERTAD,GOBIERNOS LOCALES,TRANSPORTE,503070267,218339678
2020,LA LIBERTAD,GOBIERNOS LOCALES,VIVIENDA Y DESARROLLO URBANO,398632,88893
2020,LA LIBERTAD,GOBIERNOS REGIONALES,EDUCACION,12987545,1487357
2020,LA LIBERTAD,GOBIERNOS REGIONALES,ORDEN PUBLICO Y SEGURIDAD,7671946,6064112
2020,LA LIBERTAD,GOBIERNOS REGIONALES,SALUD,734842,0
2020,LA LIBERTAD,GOBIERNOS REGIONALES,TRANSPORTE,55896198,29366487
2020,LA LIBERTAD,TRES NIVELES DE GOBIERNO,AGROPECUARIA,129388517,33807280
2020,LA LIBERTAD,TRES NIVELES DE GOBIERNO,AMBIENTE,10829,10828
2020,LA LIBERTAD,TRES NIVELES DE GOBIERNO,DEFENSA Y SEGURIDAD NACIONAL,2451561,1392680
2020,LA LIBERTAD,TRES NIVELES DE GOBIERNO,EDUCACION,333874066,130181423
2020,LA LIBERTAD,TRES NIVELES DE GOBIERNO,ORDEN PUBLICO Y SEGURIDAD,28771455,15569663
2020,LA LIBERTAD,TRES NIVELES DE GOBIERNO,SALUD,12203720,612670
2020,LA LIBERTAD,TRES NIVELES DE GOBIERNO,SANEAMIENTO,42302570,20029725
2020,LA LIBERTAD,TRES NIVELES DE GOBIERNO,TRANSPORTE,718618893,345659847
2020,LA LIBERTAD,TRES NIVELES DE GOBIERNO,VIVIENDA Y DESARROLLO URBANO,398632,88893
2020,LAMBAYEQUE,GOBIERNO NACIONAL,AGROPECUARIA,55204659,30319078
2020,LAMBAYEQUE,GOBIERNO NACIONAL,AMBIENTE,137676,6927
2020,LAMBAYEQUE,GOBIERNO NACIONAL,EDUCACION,58498153,749038
2020,LAMBAYEQUE,GOBIERNO NACIONAL,ORDEN PUBLICO Y SEGURIDAD,85980934,59614580
2020,LAMBAYEQUE,GOBIERNO NACIONAL,SALUD,23622466,2541414
2020,LAMBAYEQUE,GOBIERNO NACIONAL,SANEAMIENTO,36768623,7405195
2020,LAMBAYEQUE,GOBIERNO NACIONAL,TRANSPORTE,234438880,198398784
2020,LAMBAYEQUE,GOBIERNOS LOCALES,AGROPECUARIA,2841770,1659267
2020,LAMBAYEQUE,GOBIERNOS LOCALES,EDUCACION,219618618,78264831
2020,LAMBAYEQUE,GOBIERNOS LOCALES,"PLANEAMIENTO, GESTION Y RESERVA DE CONTINGENCIA",0,0
2020,LAMBAYEQUE,GOBIERNOS LOCALES,SALUD,2748236,1216004
2020,LAMBAYEQUE,GOBIERNOS LOCALES,SANEAMIENTO,10418566,2333146
2020,LAMBAYEQUE,GOBIERNOS LOCALES,TRANSPORTE,75294891,34832187
2020,LAMBAYEQUE,GOBIERNOS LOCALES,VIVIENDA Y DESARROLLO URBANO,2177505,1217527
2020,LAMBAYEQUE,GOBIERNOS REGIONALES,AGROPECUARIA,13308704,3459136
2020,LAMBAYEQUE,GOBIERNOS REGIONALES,EDUCACION,5984399,3689838
2020,LAMBAYEQUE,GOBIERNOS REGIONALES,ORDEN PUBLICO Y SEGURIDAD,34313295,16979408
2020,LAMBAYEQUE,GOBIERNOS REGIONALES,TRANSPORTE,1542261,0
2020,LAMBAYEQUE,TRES NIVELES DE GOBIERNO,AGROPECUARIA,69908321,35437482
2020,LAMBAYEQUE,TRES NIVELES DE GOBIERNO,AMBIENTE,137676,6927
2020,LAMBAYEQUE,TRES NIVELES DE GOBIERNO,EDUCACION,284101170,82703703
2020,LAMBAYEQUE,TRES NIVELES DE GOBIERNO,ORDEN PUBLICO Y SEGURIDAD,93927875,76593987
2020,LAMBAYEQUE,TRES NIVELES DE GOBIERNO,"PLANEAMIENTO, GESTION Y RESERVA DE CONTINGENCIA",0,0
2020,LAMBAYEQUE,TRES NIVELES DE GOBIERNO,SALUD,24377854,3757417
2020,LAMBAYEQUE,TRES NIVELES DE GOBIERNO,SANEAMIENTO,41947379,9738339
2020,LAMBAYEQUE,TRES NIVELES DE GOBIERNO,TRANSPORTE,315328554,229437748
2020,LAMBAYEQUE,TRES NIVELES DE GOBIERNO,VIVIENDA Y DESARROLLO URBANO,2177505,1217526
2020,LIMA,GOBIERNO NACIONAL,AGROPECUARIA,120354161,41310485
2020,LIMA,GOBIERNO NACIONAL,AMBIENTE,1753419,940348
2020,LIMA,GOBIERNO NACIONAL,EDUCACION,36242035,2171920
2020,LIMA,GOBIERNO NACIONAL,ORDEN PUBLICO Y SEGURIDAD,7878718,457140
2020,LIMA,GOBIERNO NACIONAL,"PLANEAMIENTO, GESTION Y RESERVA DE CONTINGENCIA",65176295,40828856
2020,LIMA,GOBIERNO NACIONAL,SALUD,3841239,0
2020,LIMA,GOBIERNO NACIONAL,SANEAMIENTO,15552126,5998150
2020,LIMA,GOBIERNO NACIONAL,TRANSPORTE,88701346,43181298
2020,LIMA,GOBIERNOS LOCALES,AGROPECUARIA,17270971,9795329
2020,LIMA,GOBIERNOS LOCALES,EDUCACION,26006307,9471340
2020,LIMA,GOBIERNOS LOCALES,ORDEN PUBLICO Y SEGURIDAD,2264117,1106708
2020,LIMA,GOBIERNOS LOCALES,"PLANEAMIENTO, GESTION Y RESERVA DE CONTINGENCIA",10429,9392
2020,LIMA,GOBIERNOS LOCALES,SALUD,1779184,1153424
2020,LIMA,GOBIERNOS LOCALES,SANEAMIENTO,19403188,14945393
2020,LIMA,GOBIERNOS LOCALES,TRANSPORTE,113874654,76435700
2020,LIMA,GOBIERNOS LOCALES,TURISMO,79252,0
2020,LIMA,GOBIERNOS LOCALES,VIVIENDA Y DESARROLLO URBANO,4229640,3918988
2020,LIMA,GOBIERNOS REGIONALES,EDUCACION,260580,0
2020,LIMA,GOBIERNOS REGIONALES,ORDEN PUBLICO Y SEGURIDAD,42421582,39453292
2020,LIMA,GOBIERNOS REGIONALES,TRANSPORTE,43615039,13498539
2020,LIMA,TRES NIVELES DE GOBIERNO,AGROPECUARIA,137625132,51105816
2020,LIMA,TRES NIVELES DE GOBIERNO,AMBIENTE,1753419,940349
2020,LIMA,TRES NIVELES DE GOBIERNO,EDUCACION,62508922,11643260
2020,LIMA,TRES NIVELES DE GOBIERNO,ORDEN PUBLICO Y SEGURIDAD,52564417,41017140
2020,LIMA,TRES NIVELES DE GOBIERNO,"PLANEAMIENTO, GESTION Y RESERVA DE CONTINGENCIA",65186724,40838248
2020,LIMA,TRES NIVELES DE GOBIERNO,SALUD,5620423,1153424
2020,LIMA,TRES NIVELES DE GOBIERNO,SANEAMIENTO,34955314,20943539
2020,LIMA,TRES NIVELES DE GOBIERNO,TRANSPORTE,246191039,133115535
2020,LIMA,TRES NIVELES DE GOBIERNO,TURISMO,79252,0
2020,LIMA,TRES NIVELES DE GOBIERNO,VIVIENDA Y DESARROLLO URBANO,4229640,3918987
2020,LORETO,GOBIERNO NACIONAL,EDUCACION,1725881,0
2020,LORETO,GOBIERNOS LOCALES,EDUCACION,14001864,9749332
2020,LORETO,GOBIERNOS LOCALES,SALUD,150340,150339
2020,LORETO,GOBIERNOS LOCALES,SANEAMIENTO,886628,491215
2020,LORETO,GOBIERNOS LOCALES,TRANSPORTE,6195869,4835899
2020,LORETO,GOBIERNOS REGIONALES,SALUD,354750,300626
2020,LORETO,TRES NIVELES DE GOBIERNO,EDUCACION,15727745,9749334
2020,LORETO,TRES NIVELES DE GOBIERNO,SALUD,505090,450965
2020,LORETO,TRES NIVELES DE GOBIERNO,SANEAMIENTO,886628,491215
2020,LORETO,TRES NIVELES DE GOBIERNO,TRANSPORTE,6195869,4835898
2020,MADRE DE DIOS,GOBIERNO NACIONAL,AMBIENTE,4701,1419
2020,MADRE DE DIOS,TRES NIVELES DE GOBIERNO,AMBIENTE,4701,1419
2020,MOQUEGUA,GOBIERNOS LOCALES,AGROPECUARIA,19948148,5701562
2020,MOQUEGUA,GOBIERNOS LOCALES,CULTURA Y DEPORTE,16439,16431
2020,MOQUEGUA,GOBIERNOS LOCALES,EDUCACION,596946,66352
2020,MOQUEGUA,GOBIERNOS LOCALES,SANEAMIENTO,338205,223050
2020,MOQUEGUA,GOBIERNOS LOCALES,TRANSPORTE,930723,905406
2020,MOQUEGUA,GOBIERNOS REGIONALES,AGROPECUARIA,6373652,5460870
2020,MOQUEGUA,GOBIERNOS REGIONALES,TRANSPORTE,12189,6119
2020,MOQUEGUA,TRES NIVELES DE GOBIERNO,AGROPECUARIA,26321800,11162431
2020,MOQUEGUA,TRES NIVELES DE GOBIERNO,CULTURA Y DEPORTE,16439,16431
2020,MOQUEGUA,TRES NIVELES DE GOBIERNO,EDUCACION,596946,66352
2020,MOQUEGUA,TRES NIVELES DE GOBIERNO,SANEAMIENTO,338205,223050
2020,MOQUEGUA,TRES NIVELES DE GOBIERNO,TRANSPORTE,942912,911525
2020,NACIONAL,GOBIERNO NACIONAL,AGROPECUARIA,554044223,207415526
2020,NACIONAL,GOBIERNO NACIONAL,AMBIENTE,3791741,2353442
2020,NACIONAL,GOBIERNO NACIONAL,DEFENSA Y SEGURIDAD NACIONAL,16327917,8993830
2020,NACIONAL,GOBIERNO NACIONAL,EDUCACION,718891042,12025102
2020,NACIONAL,GOBIERNO NACIONAL,ORDEN PUBLICO Y SEGURIDAD,170849198,101933394
2020,NACIONAL,GOBIERNO NACIONAL,PESCA,123758,0
2020,NACIONAL,GOBIERNO NACIONAL,"PLANEAMIENTO, GESTION Y RESERVA DE CONTINGENCIA",65619553,41262096
2020,NACIONAL,GOBIERNO NACIONAL,PROTECCION SOCIAL,197116,172161
2020,NACIONAL,GOBIERNO NACIONAL,SALUD,231545699,67471351
2020,NACIONAL,GOBIERNO NACIONAL,SANEAMIENTO,166454105,29424004
2020,NACIONAL,GOBIERNO NACIONAL,TRANSPORTE,1152889901,703889712
2020,NACIONAL,GOBIERNO NACIONAL,VIVIENDA Y DESARROLLO URBANO,29986518,953018
2020,NACIONAL,GOBIERNOS LOCALES,AGROPECUARIA,174807556,63702278
2020,NACIONAL,GOBIERNOS LOCALES,CULTURA Y DEPORTE,120935,120927
2020,NACIONAL,GOBIERNOS LOCALES,EDUCACION,1259191510,538372477
2020,NACIONAL,GOBIERNOS LOCALES,MINERIA,110671,102355
2020,NACIONAL,GOBIERNOS LOCALES,ORDEN PUBLICO Y SEGURIDAD,167423853,86366610
2020,NACIONAL,GOBIERNOS LOCALES,"PLANEAMIENTO, GESTION Y RESERVA DE CONTINGENCIA",137395,16392
2020,NACIONAL,GOBIERNOS LOCALES,PROTECCION SOCIAL,178932,178797
2020,NACIONAL,GOBIERNOS LOCALES,SALUD,8585688,4330197
2020,NACIONAL,GOBIERNOS LOCALES,SANEAMIENTO,241097094,142687038
2020,NACIONAL,GOBIERNOS LOCALES,TRANSPORTE,1423906883,711144109
2020,NACIONAL,GOBIERNOS LOCALES,TURISMO,79252,0
2020,NACIONAL,GOBIERNOS LOCALES,VIVIENDA Y DESARROLLO URBANO,14235600,10755145
2020,NACIONAL,GOBIERNOS REGIONALES,AGROPECUARIA,66250112,13801230
2020,NACIONAL,GOBIERNOS REGIONALES,EDUCACION,49060425,14165995
2020,NACIONAL,GOBIERNOS REGIONALES,ORDEN PUBLICO Y SEGURIDAD,524837549,232651979
2020,NACIONAL,GOBIERNOS REGIONALES,"PLANEAMIENTO, GESTION Y RESERVA DE CONTINGENCIA",9342564,0
2020,NACIONAL,GOBIERNOS REGIONALES,PROTECCION SOCIAL,31251506,7393700
2020,NACIONAL,GOBIERNOS REGIONALES,SALUD,155138332,88647085
2020,NACIONAL,GOBIERNOS REGIONALES,SANEAMIENTO,1459616,1164516
2020,NACIONAL,GOBIERNOS REGIONALES,TRANSPORTE,763950885,316530186
2020,NACIONAL,GOBIERNOS REGIONALES,TURISMO,5017604,0
2020,NACIONAL,GOBIERNOS REGIONALES,VIVIENDA Y DESARROLLO URBANO,180595,174241
2020,NACIONAL,TRES NIVELES DE GOBIERNO,AGROPECUARIA,795101891,284919035
2020,NACIONAL,TRES NIVELES DE GOBIERNO,AMBIENTE,3791741,2353442
2020,NACIONAL,TRES NIVELES DE GOBIERNO,CULTURA Y DEPORTE,120935,120927
2020,NACIONAL,TRES NIVELES DE GOBIERNO,DEFENSA Y SEGURIDAD NACIONAL,16327917,8993830
2020,NACIONAL,TRES NIVELES DE GOBIERNO,EDUCACION,2027142977,564563575
2020,NACIONAL,TRES NIVELES DE GOBIERNO,MINERIA,110671,102355
2020,NACIONAL,TRES NIVELES DE GOBIERNO,ORDEN PUBLICO Y SEGURIDAD,863110600,420951985
2020,NACIONAL,TRES NIVELES DE GOBIERNO,PESCA,123758,0
2020,NACIONAL,TRES NIVELES DE GOBIERNO,"PLANEAMIENTO, GESTION Y RESERVA DE CONTINGENCIA",75099512,41278488
2020,NACIONAL,TRES NIVELES DE GOBIERNO,PROTECCION SOCIAL,31627554,7744657
2020,NACIONAL,TRES NIVELES DE GOBIERNO,SALUD,395269719,160448634
2020,NACIONAL,TRES NIVELES DE GOBIERNO,SANEAMIENTO,409010815,173275558
2020,NACIONAL,TRES NIVELES DE GOBIERNO,TRANSPORTE,3340747669,1731564008
2020,NACIONAL,TRES NIVELES DE GOBIERNO,TURISMO,5096856,0
2020,NACIONAL,TRES NIVELES DE GOBIERNO,VIVIENDA Y DESARROLLO URBANO,44402713,11882403
2020,PASCO,GOBIERNOS LOCALES,EDUCACION,2480,2480
2020,PASCO,GOBIERNOS LOCALES,MINERIA,110671,102355
2020,PASCO,GOBIERNOS LOCALES,ORDEN PUBLICO Y SEGURIDAD,1162607,1134944
2020,PASCO,GOBIERNOS LOCALES,SANEAMIENTO,268332,211869
2020,PASCO,GOBIERNOS LOCALES,TRANSPORTE,664636,263980
2020,PASCO,GOBIERNOS REGIONALES,EDUCACION,630374,415026
2020,PASCO,GOBIERNOS REGIONALES,ORDEN PUBLICO Y SEGURIDAD,11929988,10652328
2020,PASCO,GOBIERNOS REGIONALES,TRANSPORTE,7886,7667
2020,PASCO,TRES NIVELES DE GOBIERNO,EDUCACION,632854,417506
2020,PASCO,TRES NIVELES DE GOBIERNO,MINERIA,110671,102355
2020,PASCO,TRES NIVELES DE GOBIERNO,ORDEN PUBLICO Y SEGURIDAD,13092595,11787272
2020,PASCO,TRES NIVELES DE GOBIERNO,SANEAMIENTO,268332,211869
2020,PASCO,TRES NIVELES DE GOBIERNO,TRANSPORTE,672522,271646
2020,PIURA,GOBIERNO NACIONAL,AGROPECUARIA,96515969,35928592
2020,PIURA,GOBIERNO NACIONAL,AMBIENTE,708013,263623
2020,PIURA,GOBIERNO NACIONAL,DEFENSA Y SEGURIDAD NACIONAL,9355908,4938146
2020,PIURA,GOBIERNO NACIONAL,EDUCACION,339342972,3749937
2020,PIURA,GOBIERNO NACIONAL,ORDEN PUBLICO Y SEGURIDAD,38175512,0
2020,PIURA,GOBIERNO NACIONAL,PROTECCION SOCIAL,197116,172161
2020,PIURA,GOBIERNO NACIONAL,SALUD,104018569,59575826
2020,PIURA,GOBIERNO NACIONAL,SANEAMIENTO,91858767,7918951
2020,PIURA,GOBIERNO NACIONAL,TRANSPORTE,253078982,185434263
2020,PIURA,GOBIERNO NACIONAL,VIVIENDA Y DESARROLLO URBANO,13959443,0
2020,PIURA,GOBIERNOS LOCALES,AGROPECUARIA,13450326,8941950
2020,PIURA,GOBIERNOS LOCALES,EDUCACION,453524754,215120682
2020,PIURA,GOBIERNOS LOCALES,ORDEN PUBLICO Y SEGURIDAD,56666507,19221274
2020,PIURA,GOBIERNOS LOCALES,"PLANEAMIENTO, GESTION Y RESERVA DE CONTINGENCIA",9741,0
2020,PIURA,GOBIERNOS LOCALES,SALUD,1990924,801129
2020,PIURA,GOBIERNOS LOCALES,SANEAMIENTO,40481002,22278753
2020,PIURA,GOBIERNOS LOCALES,TRANSPORTE,394870163,227752213
2020,PIURA,GOBIERNOS REGIONALES,AGROPECUARIA,42837895,3318467
2020,PIURA,GOBIERNOS REGIONALES,EDUCACION,7760106,1635272
2020,PIURA,GOBIERNOS REGIONALES,ORDEN PUBLICO Y SEGURIDAD,174957051,105257056
2020,PIURA,GOBIERNOS REGIONALES,"PLANEAMIENTO, GESTION Y RESERVA DE CONTINGENCIA",0,0
2020,PIURA,GOBIERNOS REGIONALES,SALUD,150888968,88087337
2020,PIURA,GOBIERNOS REGIONALES,SANEAMIENTO,27397,27397
2020,PIURA,GOBIERNOS REGIONALES,TRANSPORTE,504640412,233219289
2020,PIURA,GOBIERNOS REGIONALES,VIVIENDA Y DESARROLLO URBANO,5253,0
2020,PIURA,TRES NIVELES DE GOBIERNO,AGROPECUARIA,152804190,48189002
2020,PIURA,TRES NIVELES DE GOBIERNO,AMBIENTE,708013,263623
2020,PIURA,TRES NIVELES DE GOBIERNO,DEFENSA Y SEGURIDAD NACIONAL,9355908,4938146
2020,PIURA,TRES NIVELES DE GOBIERNO,EDUCACION,800627832,220505887
2020,PIURA,TRES NIVELES DE GOBIERNO,ORDEN PUBLICO Y SEGURIDAD,220513690,124478329
2020,PIURA,TRES NIVELES DE GOBIERNO,"PLANEAMIENTO, GESTION Y RESERVA DE CONTINGENCIA",9741,0
2020,PIURA,TRES NIVELES DE GOBIERNO,PROTECCION SOCIAL,197116,172161
2020,PIURA,TRES NIVELES DE GOBIERNO,SALUD,246944582,148464291
2020,PIURA,TRES NIVELES DE GOBIERNO,SANEAMIENTO,116527573,30225100
2020,PIURA,TRES NIVELES DE GOBIERNO,TRANSPORTE,1152589557,646405770
2020,PIURA,TRES NIVELES DE GOBIERNO,VIVIENDA Y DESARROLLO URBANO,13964696,0
2020,PUNO,GOBIERNO NACIONAL,EDUCACION,251320,174800
2020,PUNO,GOBIERNOS LOCALES,EDUCACION,426605,193735
2020,PUNO,GOBIERNOS LOCALES,SANEAMIENTO,191031,37741
2020,PUNO,GOBIERNOS LOCALES,TRANSPORTE,115517,58110
2020,PUNO,TRES NIVELES DE GOBIERNO,EDUCACION,677925,368535
2020,PUNO,TRES NIVELES DE GOBIERNO,SANEAMIENTO,191031,37741
2020,PUNO,TRES NIVELES DE GOBIERNO,TRANSPORTE,115517,58110
2020,SAN MARTIN,GOBIERNOS LOCALES,EDUCACION,3926032,1385588
2020,SAN MARTIN,GOBIERNOS LOCALES,ORDEN PUBLICO Y SEGURIDAD,20504197,16616670
2020,SAN MARTIN,GOBIERNOS LOCALES,SANEAMIENTO,5455365,746411
2020,SAN MARTIN,GOBIERNOS LOCALES,TRANSPORTE,3974841,1755013
2020,SAN MARTIN,GOBIERNOS REGIONALES,EDUCACION,5339759,4289571
2020,SAN MARTIN,GOBIERNOS REGIONALES,SALUD,249540,209573
2020,SAN MARTIN,GOBIERNOS REGIONALES,SANEAMIENTO,1262182,1074822
2020,SAN MARTIN,GOBIERNOS REGIONALES,TRANSPORTE,657411,154558
2020,SAN MARTIN,TRES NIVELES DE GOBIERNO,EDUCACION,9265791,5675159
2020,SAN MARTIN,TRES NIVELES DE GOBIERNO,ORDEN PUBLICO Y SEGURIDAD,20504197,16616670
2020,SAN MARTIN,TRES NIVELES DE GOBIERNO,SALUD,249540,209573
2020,SAN MARTIN,TRES NIVELES DE GOBIERNO,SANEAMIENTO,6717547,1821234
2020,SAN MARTIN,TRES NIVELES DE GOBIERNO,TRANSPORTE,4632252,1909571
2020,TACNA,GOBIERNOS LOCALES,AGROPECUARIA,20069336,216160
2020,TACNA,GOBIERNOS LOCALES,TRANSPORTE,458021,0
2020,TACNA,TRES NIVELES DE GOBIERNO,AGROPECUARIA,20069336,216160
2020,TACNA,TRES NIVELES DE GOBIERNO,TRANSPORTE,458021,0
2020,TUMBES,GOBIERNO NACIONAL,AGROPECUARIA,146240457,58404661
2020,TUMBES,GOBIERNO NACIONAL,DEFENSA Y SEGURIDAD NACIONAL,4520448,2663003
2020,TUMBES,GOBIERNO NACIONAL,EDUCACION,1513168,349600
2020,TUMBES,GOBIERNO NACIONAL,ORDEN PUBLICO Y SEGURIDAD,92568126,0
2020,TUMBES,GOBIERNO NACIONAL,"PLANEAMIENTO, GESTION Y RESERVA DE CONTINGENCIA",258913,248950
2020,TUMBES,GOBIERNO NACIONAL,SALUD,254065,6900
2020,TUMBES,GOBIERNO NACIONAL,SANEAMIENTO,13795998,1690302
2020,TUMBES,GOBIERNO NACIONAL,TRANSPORTE,8477379,1321056
2020,TUMBES,GOBIERNO NACIONAL,VIVIENDA Y DESARROLLO URBANO,16027075,953018
2020,TUMBES,GOBIERNOS LOCALES,AGROPECUARIA,4578794,2858924
2020,TUMBES,GOBIERNOS LOCALES,EDUCACION,19277223,6208721
2020,TUMBES,GOBIERNOS LOCALES,ORDEN PUBLICO Y SEGURIDAD,28524528,12006347
2020,TUMBES,GOBIERNOS LOCALES,TRANSPORTE,12921344,7864157
2020,TUMBES,GOBIERNOS REGIONALES,AGROPECUARIA,2003492,0
2020,TUMBES,GOBIERNOS REGIONALES,EDUCACION,13965327,1264152
2020,TUMBES,GOBIERNOS REGIONALES,ORDEN PUBLICO Y SEGURIDAD,26466836,22523
2020,TUMBES,GOBIERNOS REGIONALES,SALUD,2858683,0
2020,TUMBES,GOBIERNOS REGIONALES,TRANSPORTE,16328431,1690501
2020,TUMBES,GOBIERNOS REGIONALES,TURISMO,5017604,0
2020,TUMBES,GOBIERNOS REGIONALES,VIVIENDA Y DESARROLLO URBANO,175342,174241
2020,TUMBES,TRES NIVELES DE GOBIERNO,AGROPECUARIA,95132250,61263584
2020,TUMBES,TRES NIVELES DE GOBIERNO,DEFENSA Y SEGURIDAD NACIONAL,4520448,2663003
2020,TUMBES,TRES NIVELES DE GOBIERNO,EDUCACION,34755718,7822471
2020,TUMBES,TRES NIVELES DE GOBIERNO,ORDEN PUBLICO Y SEGURIDAD,103016266,12028869
2020,TUMBES,TRES NIVELES DE GOBIERNO,"PLANEAMIENTO, GESTION Y RESERVA DE CONTINGENCIA",258913,248950
2020,TUMBES,TRES NIVELES DE GOBIERNO,SALUD,3112748,6900
2020,TUMBES,TRES NIVELES DE GOBIERNO,SANEAMIENTO,8131677,1690303
2020,TUMBES,TRES NIVELES DE GOBIERNO,TRANSPORTE,37727154,10875711
2020,TUMBES,TRES NIVELES DE GOBIERNO,TURISMO,5017604,0
2020,TUMBES,TRES NIVELES DE GOBIERNO,VIVIENDA Y DESARROLLO URBANO,16202417,1127258
2020,UCAYALI,GOBIERNOS LOCALES,SANEAMIENTO,214669,211516
2020,UCAYALI,GOBIERNOS LOCALES,TRANSPORTE,5406653,1703081
2020,UCAYALI,TRES NIVELES DE GOBIERNO,SANEAMIENTO,214669,211516
2020,UCAYALI,TRES NIVELES DE GOBIERNO,TRANSPORTE,5406653,1703081
