PERIODO,TIPO_GOBIERNO_NOMBRE,TIPO,DEPARTAMENTO_META_NOMBRE,MONTO_PIM,MONTO_DEVENGADO
2015,GOBIERNOS LOCALES,ADAPTACION,AMAZONAS,654646,290194
2015,GOBIERNOS LOCALES,ADAPTACION,ANCASH,16780358,7036645
2015,GOBIERNOS LOCALES,ADAPTACION,APURIMAC,10607107,1879136
2015,GOBIERNOS LOCALES,ADAPTACION,AREQUIPA,16081917,4150783
2015,GOBIERNOS LOCALES,ADAPTACION,AYACUCHO,20217621,11759119
2015,GOBIERNOS LOCALES,ADAPTACION,CAJAMARCA,39299380,13275061
2015,GOBIERNOS LOCALES,ADAPTACION,CUSCO,19446448,13638711
2015,GOBIERNOS LOCALES,ADAPTACION,HUANCAVELICA,1527888,1241198
2015,GOBIERNOS LOCALES,ADAPTACION,HUANUCO,5112078,2430049
2015,GOBIERNOS LOCALES,ADAPTACION,ICA,13691305,7213002
2015,GOBIERNOS LOCALES,ADAPTACION,JUNIN,17136869,3601834
2015,GOBIERNOS LOCALES,ADAPTACION,LA LIBERTAD,2385635,1349277
2015,GOBIERNOS LOCALES,ADAPTACION,LAMBAYEQUE,11148572,9705561
2015,GOBIERNOS LOCALES,ADAPTACION,LIMA,11438321,10526047
2015,GOBIERNOS LOCALES,ADAPTACION,LORETO,3630929,2381691
2015,GOBIERNOS LOCALES,ADAPTACION,MOQUEGUA,1271529,893019
2015,GOBIERNOS LOCALES,ADAPTACION,PASCO,8320553,6914474
2015,GOBIERNOS LOCALES,ADAPTACION,PIURA,8832627,3741490
2015,GOBIERNOS LOCALES,ADAPTACION,PUNO,4774211,1798490
2015,GOBIERNOS LOCALES,ADAPTACION,SAN MARTIN,848072,537797
2015,GOBIERNOS LOCALES,ADAPTACION,TACNA,4726666,4495209
2015,GOBIERNOS LOCALES,ADAPTACION,TUMBES,481581,385861
2015,GOBIERNOS LOCALES,ADAPTACION,NACIONAL,218414313,109244648
2015,GOBIERNO NACIONAL,ADAPTACION,CUSCO,603398,603397
2015,GOBIERNO NACIONAL,ADAPTACION,LIMA,3345096,3345096
2015,GOBIERNO NACIONAL,ADAPTACION,LORETO,0,0
2015,GOBIERNO NACIONAL,ADAPTACION,PIURA,0,0
2015,GOBIERNO NACIONAL,ADAPTACION,NACIONAL,3948494,3948493
2015,GOBIERNO REGIONAL,ADAPTACION,AMAZONAS,8533483,6007963
2015,GOBIERNO REGIONAL,ADAPTACION,ANCASH,3003071,0
2015,GOBIERNO REGIONAL,ADAPTACION,APURIMAC,23243984,23161044
2015,GOBIERNO REGIONAL,ADAPTACION,AYACUCHO,3983449,3251003
2015,GOBIERNO REGIONAL,ADAPTACION,CUSCO,190766,190765
2015,GOBIERNO REGIONAL,ADAPTACION,HUANCAVELICA,3726382,3649755
2015,GOBIERNO REGIONAL,ADAPTACION,LIMA,470971,470927
2015,GOBIERNO REGIONAL,ADAPTACION,LORETO,2213019,0
2015,GOBIERNO REGIONAL,ADAPTACION,MOQUEGUA,241462,208426
2015,GOBIERNO REGIONAL,ADAPTACION,PASCO,8439747,8416812
2015,GOBIERNO REGIONAL,ADAPTACION,PIURA,51597,0
2015,GOBIERNO REGIONAL,ADAPTACION,SAN MARTIN,979911,160872
2015,GOBIERNO REGIONAL,ADAPTACION,TUMBES,0,0
2015,GOBIERNO REGIONAL,ADAPTACION,NACIONAL,55077842,45517567
2015,GOBIERNOS LOCALES,ADAPTACION Y MITIGACION,AMAZONAS,405176,268367
2015,GOBIERNOS LOCALES,ADAPTACION Y MITIGACION,ANCASH,3821349,3180382
2015,GOBIERNOS LOCALES,ADAPTACION Y MITIGACION,APURIMAC,800195,717819
2015,GOBIERNOS LOCALES,ADAPTACION Y MITIGACION,AREQUIPA,908276,257003
2015,GOBIERNOS LOCALES,ADAPTACION Y MITIGACION,AYACUCHO,3322139,2698863
2015,GOBIERNOS LOCALES,ADAPTACION Y MITIGACION,CAJAMARCA,2626236,1933181
2015,GOBIERNOS LOCALES,ADAPTACION Y MITIGACION,CUSCO,36173543,34574050
2015,GOBIERNOS LOCALES,ADAPTACION Y MITIGACION,HUANCAVELICA,1264336,1217261
2015,GOBIERNOS LOCALES,ADAPTACION Y MITIGACION,HUANUCO,5212551,5143474
2015,GOBIERNOS LOCALES,ADAPTACION Y MITIGACION,ICA,1730791,1307173
2015,GOBIERNOS LOCALES,ADAPTACION Y MITIGACION,JUNIN,170720,94962
2015,GOBIERNOS LOCALES,ADAPTACION Y MITIGACION,LA LIBERTAD,2783561,1845474
2015,GOBIERNOS LOCALES,ADAPTACION Y MITIGACION,LAMBAYEQUE,141047,140601
2015,GOBIERNOS LOCALES,ADAPTACION Y MITIGACION,LIMA,1066838,166642
2015,GOBIERNOS LOCALES,ADAPTACION Y MITIGACION,LORETO,582407,519281
2015,GOBIERNOS LOCALES,ADAPTACION Y MITIGACION,MADRE DE DIOS,24856,19655
2015,GOBIERNOS LOCALES,ADAPTACION Y MITIGACION,MOQUEGUA,826627,469101
2015,GOBIERNOS LOCALES,ADAPTACION Y MITIGACION,PASCO,2095284,1471027
2015,GOBIERNOS LOCALES,ADAPTACION Y MITIGACION,PIURA,433735,364417
2015,GOBIERNOS LOCALES,ADAPTACION Y MITIGACION,PUNO,558824,205345
2015,GOBIERNOS LOCALES,ADAPTACION Y MITIGACION,SAN MARTIN,2283534,2214153
2015,GOBIERNOS LOCALES,ADAPTACION Y MITIGACION,TACNA,492386,468447
2015,GOBIERNOS LOCALES,ADAPTACION Y MITIGACION,TUMBES,203825,203825
2015,GOBIERNOS LOCALES,ADAPTACION Y MITIGACION,UCAYALI,201392,25034
2015,GOBIERNOS LOCALES,ADAPTACION Y MITIGACION,NACIONAL,68129628,59505537
2015,GOBIERNO NACIONAL,ADAPTACION Y MITIGACION,ANCASH,5475838,5432688
2015,GOBIERNO NACIONAL,ADAPTACION Y MITIGACION,CAJAMARCA,1697921,1645666
2015,GOBIERNO NACIONAL,ADAPTACION Y MITIGACION,HUANUCO,4102962,4079349
2015,GOBIERNO NACIONAL,ADAPTACION Y MITIGACION,PIURA,47200,47200
2015,GOBIERNO NACIONAL,ADAPTACION Y MITIGACION,NACIONAL,11323921,11204903
2015,GOBIERNO REGIONAL,ADAPTACION Y MITIGACION,AMAZONAS,2421334,2408649
2015,GOBIERNO REGIONAL,ADAPTACION Y MITIGACION,ANCASH,2093955,0
2015,GOBIERNO REGIONAL,ADAPTACION Y MITIGACION,APURIMAC,41733228,41284318
2015,GOBIERNO REGIONAL,ADAPTACION Y MITIGACION,AYACUCHO,1260635,1244526
2015,GOBIERNO REGIONAL,ADAPTACION Y MITIGACION,CAJAMARCA,2168992,1678889
2015,GOBIERNO REGIONAL,ADAPTACION Y MITIGACION,CUSCO,5702472,5647261
2015,GOBIERNO REGIONAL,ADAPTACION Y MITIGACION,HUANCAVELICA,2579300,2554513
2015,GOBIERNO REGIONAL,ADAPTACION Y MITIGACION,HUANUCO,8010589,8007174
2015,GOBIERNO REGIONAL,ADAPTACION Y MITIGACION,MADRE DE DIOS,2640444,2543999
2015,GOBIERNO REGIONAL,ADAPTACION Y MITIGACION,PASCO,778881,667753
2015,GOBIERNO REGIONAL,ADAPTACION Y MITIGACION,PIURA,111480,88636
2015,GOBIERNO REGIONAL,ADAPTACION Y MITIGACION,PUNO,2276606,2276603
2015,GOBIERNO REGIONAL,ADAPTACION Y MITIGACION,SAN MARTIN,2055213,1776969
2015,GOBIERNO REGIONAL,ADAPTACION Y MITIGACION,TUMBES,329622,293417
2015,GOBIERNO REGIONAL,ADAPTACION Y MITIGACION,NACIONAL,74162751,70472707
2015,GOBIERNOS LOCALES,MITIGACION,AMAZONAS,0,0
2015,GOBIERNOS LOCALES,MITIGACION,AREQUIPA,63614,50506
2015,GOBIERNOS LOCALES,MITIGACION,CAJAMARCA,911200,814817
2015,GOBIERNOS LOCALES,MITIGACION,CUSCO,248270,242534
2015,GOBIERNOS LOCALES,MITIGACION,JUNIN,0,0
2015,GOBIERNOS LOCALES,MITIGACION,LA LIBERTAD,36650,36650
2015,GOBIERNOS LOCALES,MITIGACION,LIMA,60000,0
2015,GOBIERNOS LOCALES,MITIGACION,LORETO,51000,40800
2015,GOBIERNOS LOCALES,MITIGACION,PUNO,350680,199037
2015,GOBIERNOS LOCALES,MITIGACION,SAN MARTIN,7992905,7992905
2015,GOBIERNOS LOCALES,MITIGACION,NACIONAL,9714319,9377249
2015,GOBIERNO REGIONAL,MITIGACION,CAJAMARCA,582089,568437
2015,GOBIERNO REGIONAL,MITIGACION,JUNIN,407577,357381
2015,GOBIERNO REGIONAL,MITIGACION,NACIONAL,989666,925818
2015,TRES NIVELES DE GOBIERNO,ADAPTACION,AMAZONAS,9188129,6298157
2015,TRES NIVELES DE GOBIERNO,ADAPTACION,ANCASH,19783429,7036645
2015,TRES NIVELES DE GOBIERNO,ADAPTACION,APURIMAC,33851091,25040180
2015,TRES NIVELES DE GOBIERNO,ADAPTACION,AREQUIPA,16081917,4150783
2015,TRES NIVELES DE GOBIERNO,ADAPTACION,AYACUCHO,24201070,15010122
2015,TRES NIVELES DE GOBIERNO,ADAPTACION,CAJAMARCA,39299380,13275061
2015,TRES NIVELES DE GOBIERNO,ADAPTACION,CUSCO,20240612,14432873
2015,TRES NIVELES DE GOBIERNO,ADAPTACION,HUANCAVELICA,5254270,4890953
2015,TRES NIVELES DE GOBIERNO,ADAPTACION,HUANUCO,5112078,2430049
2015,TRES NIVELES DE GOBIERNO,ADAPTACION,ICA,13691305,7213002
2015,TRES NIVELES DE GOBIERNO,ADAPTACION,JUNIN,17136869,3601834
2015,TRES NIVELES DE GOBIERNO,ADAPTACION,LA LIBERTAD,2385635,1349277
2015,TRES NIVELES DE GOBIERNO,ADAPTACION,LAMBAYEQUE,11148572,9705561
2015,TRES NIVELES DE GOBIERNO,ADAPTACION,LIMA,15254388,14342070
2015,TRES NIVELES DE GOBIERNO,ADAPTACION,LORETO,5843948,2381691
2015,TRES NIVELES DE GOBIERNO,ADAPTACION,MOQUEGUA,1512991,1101445
2015,TRES NIVELES DE GOBIERNO,ADAPTACION,NACIONAL,277440649,158710708
2015,TRES NIVELES DE GOBIERNO,ADAPTACION,PASCO,16760300,15331286
2015,TRES NIVELES DE GOBIERNO,ADAPTACION,PIURA,8884224,3741490
2015,TRES NIVELES DE GOBIERNO,ADAPTACION,PUNO,4774211,1798490
2015,TRES NIVELES DE GOBIERNO,ADAPTACION,SAN MARTIN,1827983,698669
2015,TRES NIVELES DE GOBIERNO,ADAPTACION,TACNA,4726666,4495209
2015,TRES NIVELES DE GOBIERNO,ADAPTACION,TUMBES,481581,385861
2015,TRES NIVELES DE GOBIERNO,ADAPTACION Y MITIGACION,AMAZONAS,2826510,2677016
2015,TRES NIVELES DE GOBIERNO,ADAPTACION Y MITIGACION,ANCASH,11391142,8613070
2015,TRES NIVELES DE GOBIERNO,ADAPTACION Y MITIGACION,APURIMAC,42533423,42002137
2015,TRES NIVELES DE GOBIERNO,ADAPTACION Y MITIGACION,AREQUIPA,908276,257003
2015,TRES NIVELES DE GOBIERNO,ADAPTACION Y MITIGACION,AYACUCHO,4582774,3943389
2015,TRES NIVELES DE GOBIERNO,ADAPTACION Y MITIGACION,CAJAMARCA,6493149,5257736
2015,TRES NIVELES DE GOBIERNO,ADAPTACION Y MITIGACION,CUSCO,41876015,40221311
2015,TRES NIVELES DE GOBIERNO,ADAPTACION Y MITIGACION,HUANCAVELICA,3843636,3771774
2015,TRES NIVELES DE GOBIERNO,ADAPTACION Y MITIGACION,HUANUCO,17326102,17229997
2015,TRES NIVELES DE GOBIERNO,ADAPTACION Y MITIGACION,ICA,1730791,1307173
2015,TRES NIVELES DE GOBIERNO,ADAPTACION Y MITIGACION,JUNIN,170720,94962
2015,TRES NIVELES DE GOBIERNO,ADAPTACION Y MITIGACION,LA LIBERTAD,2783561,1845474
2015,TRES NIVELES DE GOBIERNO,ADAPTACION Y MITIGACION,LAMBAYEQUE,141047,140601
2015,TRES NIVELES DE GOBIERNO,ADAPTACION Y MITIGACION,LIMA,1066838,166642
2015,TRES NIVELES DE GOBIERNO,ADAPTACION Y MITIGACION,LORETO,582407,519281
2015,TRES NIVELES DE GOBIERNO,ADAPTACION Y MITIGACION,MADRE DE DIOS,2665300,2563654
2015,TRES NIVELES DE GOBIERNO,ADAPTACION Y MITIGACION,MOQUEGUA,826627,469101
2015,TRES NIVELES DE GOBIERNO,ADAPTACION Y MITIGACION,NACIONAL,153616300,141183147
2015,TRES NIVELES DE GOBIERNO,ADAPTACION Y MITIGACION,PASCO,2874165,2138780
2015,TRES NIVELES DE GOBIERNO,ADAPTACION Y MITIGACION,PIURA,592415,500253
2015,TRES NIVELES DE GOBIERNO,ADAPTACION Y MITIGACION,PUNO,2835430,2481948
2015,TRES NIVELES DE GOBIERNO,ADAPTACION Y MITIGACION,SAN MARTIN,4338747,3991122
2015,TRES NIVELES DE GOBIERNO,ADAPTACION Y MITIGACION,TACNA,492386,468447
2015,TRES NIVELES DE GOBIERNO,ADAPTACION Y MITIGACION,TUMBES,533447,497242
2015,TRES NIVELES DE GOBIERNO,ADAPTACION Y MITIGACION,UCAYALI,201392,25034
2015,TRES NIVELES DE GOBIERNO,MITIGACION,AMAZONAS,0,0
2015,TRES NIVELES DE GOBIERNO,MITIGACION,AREQUIPA,63614,50506
2015,TRES NIVELES DE GOBIERNO,MITIGACION,CAJAMARCA,1493289,1383254
2015,TRES NIVELES DE GOBIERNO,MITIGACION,CUSCO,248270,242534
2015,TRES NIVELES DE GOBIERNO,MITIGACION,JUNIN,407577,357381
2015,TRES NIVELES DE GOBIERNO,MITIGACION,LA LIBERTAD,36650,36650
2015,TRES NIVELES DE GOBIERNO,MITIGACION,LIMA,60000,0
2015,TRES NIVELES DE GOBIERNO,MITIGACION,LORETO,51000,40800
2015,TRES NIVELES DE GOBIERNO,MITIGACION,NACIONAL,10703985,10303067
2015,TRES NIVELES DE GOBIERNO,MITIGACION,PUNO,350680,199037
2015,TRES NIVELES DE GOBIERNO,MITIGACION,SAN MARTIN,7992905,7992905
2016,GOBIERNO LOCAL,ADAPTACION,AMAZONAS,3591040,2706164
2016,GOBIERNO LOCAL,ADAPTACION,ANCASH,27393738,15212538
2016,GOBIERNO LOCAL,ADAPTACION,APURIMAC,31245470,17941936
2016,GOBIERNO LOCAL,ADAPTACION,AREQUIPA,21214308,8633543
2016,GOBIERNO LOCAL,ADAPTACION,AYACUCHO,38465546,29078380
2016,GOBIERNO LOCAL,ADAPTACION,CAJAMARCA,60713986,46734357
2016,GOBIERNO LOCAL,ADAPTACION,CUSCO,21031652,15493548
2016,GOBIERNO LOCAL,ADAPTACION,HUANCAVELICA,11104438,4990280
2016,GOBIERNO LOCAL,ADAPTACION,HUANUCO,15706848,11088594
2016,GOBIERNO LOCAL,ADAPTACION,ICA,13799891,9270592
2016,GOBIERNO LOCAL,ADAPTACION,JUNIN,43936027,25327332
2016,GOBIERNO LOCAL,ADAPTACION,LA LIBERTAD,13285132,10940181
2016,GOBIERNO LOCAL,ADAPTACION,LAMBAYEQUE,22303797,5904945
2016,GOBIERNO LOCAL,ADAPTACION,LIMA,10647744,5166549
2016,GOBIERNO LOCAL,ADAPTACION,LORETO,10211727,9288056
2016,GOBIERNO LOCAL,ADAPTACION,MADRE DE DIOS,8029268,1473712
2016,GOBIERNO LOCAL,ADAPTACION,MOQUEGUA,7349545,3469977
2016,GOBIERNO LOCAL,ADAPTACION,PASCO,4943163,3586517
2016,GOBIERNO LOCAL,ADAPTACION,PIURA,20746284,16609164
2016,GOBIERNO LOCAL,ADAPTACION,PUNO,10746490,4516315
2016,GOBIERNO LOCAL,ADAPTACION,SAN MARTIN,8763721,4504826
2016,GOBIERNO LOCAL,ADAPTACION,TACNA,4297082,4219473
2016,GOBIERNO LOCAL,ADAPTACION,TUMBES,1854947,311761
2016,GOBIERNO LOCAL,ADAPTACION,UCAYALI,922343,513011
2016,GOBIERNO LOCAL,ADAPTACION,NACIONAL,412304187,256981751
2016,GOBIERNO NACIONAL,ADAPTACION,CUSCO,10277,10277
2016,GOBIERNO NACIONAL,ADAPTACION,LIMA,3203646,1601710
2016,GOBIERNO NACIONAL,ADAPTACION,NACIONAL,3213923,1611987
2016,GOBIERNO REGIONAL,ADAPTACION,AMAZONAS,5453355,5091356
2016,GOBIERNO REGIONAL,ADAPTACION,ANCASH,2967669,2824606
2016,GOBIERNO REGIONAL,ADAPTACION,APURIMAC,18039113,18032378
2016,GOBIERNO REGIONAL,ADAPTACION,AYACUCHO,12681715,4607359
2016,GOBIERNO REGIONAL,ADAPTACION,CAJAMARCA,990000,190000
2016,GOBIERNO REGIONAL,ADAPTACION,CUSCO,350000,0
2016,GOBIERNO REGIONAL,ADAPTACION,HUANUCO,21654,21654
2016,GOBIERNO REGIONAL,ADAPTACION,ICA,420454,307413
2016,GOBIERNO REGIONAL,ADAPTACION,LIMA,1244222,431424
2016,GOBIERNO REGIONAL,ADAPTACION,MADRE DE DIOS,120000,117350
2016,GOBIERNO REGIONAL,ADAPTACION,MOQUEGUA,23734,22500
2016,GOBIERNO REGIONAL,ADAPTACION,PASCO,5410617,5247428
2016,GOBIERNO REGIONAL,ADAPTACION,SAN MARTIN,819037,0
2016,GOBIERNO REGIONAL,ADAPTACION,TACNA,18000,0
2016,GOBIERNO REGIONAL,ADAPTACION,NACIONAL,48559570,36893468
2016,GOBIERNOS LOCALES,ADAPTACION Y MITIGACION,AMAZONAS,279821,129820
2016,GOBIERNOS LOCALES,ADAPTACION Y MITIGACION,ANCASH,3898232,3698089
2016,GOBIERNOS LOCALES,ADAPTACION Y MITIGACION,APURIMAC,878001,739216
2016,GOBIERNOS LOCALES,ADAPTACION Y MITIGACION,AREQUIPA,38370,35120
2016,GOBIERNOS LOCALES,ADAPTACION Y MITIGACION,AYACUCHO,6102750,5760976
2016,GOBIERNOS LOCALES,ADAPTACION Y MITIGACION,CAJAMARCA,2324436,1467623
2016,GOBIERNOS LOCALES,ADAPTACION Y MITIGACION,CUSCO,32005661,30658709
2016,GOBIERNOS LOCALES,ADAPTACION Y MITIGACION,HUANCAVELICA,914566,741020
2016,GOBIERNOS LOCALES,ADAPTACION Y MITIGACION,HUANUCO,3368099,2849180
2016,GOBIERNOS LOCALES,ADAPTACION Y MITIGACION,ICA,561949,542565
2016,GOBIERNOS LOCALES,ADAPTACION Y MITIGACION,JUNIN,258381,111500
2016,GOBIERNOS LOCALES,ADAPTACION Y MITIGACION,LA LIBERTAD,2923454,2651318
2016,GOBIERNOS LOCALES,ADAPTACION Y MITIGACION,LAMBAYEQUE,50000,0
2016,GOBIERNOS LOCALES,ADAPTACION Y MITIGACION,LIMA,765022,740252
2016,GOBIERNOS LOCALES,ADAPTACION Y MITIGACION,LORETO,444308,389410
2016,GOBIERNOS LOCALES,ADAPTACION Y MITIGACION,MOQUEGUA,1406604,1217064
2016,GOBIERNOS LOCALES,ADAPTACION Y MITIGACION,PASCO,2037899,1230388
2016,GOBIERNOS LOCALES,ADAPTACION Y MITIGACION,PIURA,663782,510490
2016,GOBIERNOS LOCALES,ADAPTACION Y MITIGACION,PUNO,1671428,1607215
2016,GOBIERNOS LOCALES,ADAPTACION Y MITIGACION,SAN MARTIN,236947,111103
2016,GOBIERNOS LOCALES,ADAPTACION Y MITIGACION,UCAYALI,189952,141343
2016,GOBIERNOS LOCALES,ADAPTACION Y MITIGACION,NACIONAL,61019662,55332401
2016,GOBIERNO NACIONAL,ADAPTACION Y MITIGACION,AMAZONAS,19110,5919
2016,GOBIERNO NACIONAL,ADAPTACION Y MITIGACION,ANCASH,5358697,4930559
2016,GOBIERNO NACIONAL,ADAPTACION Y MITIGACION,CAJAMARCA,398700,398694
2016,GOBIERNO NACIONAL,ADAPTACION Y MITIGACION,LORETO,199374,0
2016,GOBIERNO NACIONAL,ADAPTACION Y MITIGACION,SAN MARTIN,1500000,1499069
2016,GOBIERNO NACIONAL,ADAPTACION Y MITIGACION,NACIONAL,7475881,6834241
2016,GOBIERNO REGIONAL,ADAPTACION Y MITIGACION,AMAZONAS,3279722,3001743
2016,GOBIERNO REGIONAL,ADAPTACION Y MITIGACION,ANCASH,3360467,478698
2016,GOBIERNO REGIONAL,ADAPTACION Y MITIGACION,APURIMAC,20653334,20104855
2016,GOBIERNO REGIONAL,ADAPTACION Y MITIGACION,AYACUCHO,1557281,1555691
2016,GOBIERNO REGIONAL,ADAPTACION Y MITIGACION,CAJAMARCA,990614,888126
2016,GOBIERNO REGIONAL,ADAPTACION Y MITIGACION,CUSCO,5400149,5304732
2016,GOBIERNO REGIONAL,ADAPTACION Y MITIGACION,HUANCAVELICA,3846755,3676466
2016,GOBIERNO REGIONAL,ADAPTACION Y MITIGACION,HUANUCO,7690861,6974113
2016,GOBIERNO REGIONAL,ADAPTACION Y MITIGACION,LORETO,11500,11500
2016,GOBIERNO REGIONAL,ADAPTACION Y MITIGACION,MADRE DE DIOS,819292,817060
2016,GOBIERNO REGIONAL,ADAPTACION Y MITIGACION,PUNO,2300000,2241699
2016,GOBIERNO REGIONAL,ADAPTACION Y MITIGACION,SAN MARTIN,1968618,1724684
2016,GOBIERNO REGIONAL,ADAPTACION Y MITIGACION,TUMBES,295462,293842
2016,GOBIERNO REGIONAL,ADAPTACION Y MITIGACION,NACIONAL,52174055,47073209
2016,GOBIERNOS LOCALES,MITIGACION,AMAZONAS,78170,39040
2016,GOBIERNOS LOCALES,MITIGACION,AREQUIPA,12400,12389
2016,GOBIERNOS LOCALES,MITIGACION,CAJAMARCA,390477,254251
2016,GOBIERNOS LOCALES,MITIGACION,CUSCO,128571,127371
2016,GOBIERNOS LOCALES,MITIGACION,JUNIN,60376,56375
2016,GOBIERNOS LOCALES,MITIGACION,LA LIBERTAD,433719,384323
2016,GOBIERNOS LOCALES,MITIGACION,PUNO,472306,257710
2016,GOBIERNOS LOCALES,MITIGACION,NACIONAL,1576019,1131459
2016,GOBIERNO REGIONAL,MITIGACION,CAJAMARCA,317521,298005
2016,GOBIERNO REGIONAL,MITIGACION,NACIONAL,317521,298005
2016,TRES NIVELES DE GOBIERNO,ADAPTACION,AMAZONAS,9044395,7797520
2016,TRES NIVELES DE GOBIERNO,ADAPTACION,ANCASH,30361407,18037144
2016,TRES NIVELES DE GOBIERNO,ADAPTACION,APURIMAC,49284583,35974314
2016,TRES NIVELES DE GOBIERNO,ADAPTACION,AREQUIPA,21214308,8633543
2016,TRES NIVELES DE GOBIERNO,ADAPTACION,AYACUCHO,51147261,33685739
2016,TRES NIVELES DE GOBIERNO,ADAPTACION,CAJAMARCA,61703986,46924357
2016,TRES NIVELES DE GOBIERNO,ADAPTACION,CUSCO,21391929,15503825
2016,TRES NIVELES DE GOBIERNO,ADAPTACION,HUANCAVELICA,11104438,4990280
2016,TRES NIVELES DE GOBIERNO,ADAPTACION,HUANUCO,15728502,11110248
2016,TRES NIVELES DE GOBIERNO,ADAPTACION,ICA,14220345,9578005
2016,TRES NIVELES DE GOBIERNO,ADAPTACION,JUNIN,43936027,25327332
2016,TRES NIVELES DE GOBIERNO,ADAPTACION,LA LIBERTAD,13285132,10940181
2016,TRES NIVELES DE GOBIERNO,ADAPTACION,LAMBAYEQUE,22303797,5904945
2016,TRES NIVELES DE GOBIERNO,ADAPTACION,LIMA,15095612,7199683
2016,TRES NIVELES DE GOBIERNO,ADAPTACION,LORETO,10211727,9288056
2016,TRES NIVELES DE GOBIERNO,ADAPTACION,MADRE DE DIOS,8149268,1591062
2016,TRES NIVELES DE GOBIERNO,ADAPTACION,MOQUEGUA,7373279,3492477
2016,TRES NIVELES DE GOBIERNO,ADAPTACION,NACIONAL,464077680,295487206
2016,TRES NIVELES DE GOBIERNO,ADAPTACION,PASCO,10353780,8833945
2016,TRES NIVELES DE GOBIERNO,ADAPTACION,PIURA,20746284,16609164
2016,TRES NIVELES DE GOBIERNO,ADAPTACION,PUNO,10746490,4516315
2016,TRES NIVELES DE GOBIERNO,ADAPTACION,SAN MARTIN,9582758,4504826
2016,TRES NIVELES DE GOBIERNO,ADAPTACION,TACNA,4315082,4219473
2016,TRES NIVELES DE GOBIERNO,ADAPTACION,TUMBES,1854947,311761
2016,TRES NIVELES DE GOBIERNO,ADAPTACION,UCAYALI,922343,513011
2016,TRES NIVELES DE GOBIERNO,ADAPTACION Y MITIGACION,AMAZONAS,3578653,3137482
2016,TRES NIVELES DE GOBIERNO,ADAPTACION Y MITIGACION,ANCASH,12617396,9107346
2016,TRES NIVELES DE GOBIERNO,ADAPTACION Y MITIGACION,APURIMAC,21531335,20844071
2016,TRES NIVELES DE GOBIERNO,ADAPTACION Y MITIGACION,AREQUIPA,38370,35120
2016,TRES NIVELES DE GOBIERNO,ADAPTACION Y MITIGACION,AYACUCHO,7660031,7316667
2016,TRES NIVELES DE GOBIERNO,ADAPTACION Y MITIGACION,CAJAMARCA,3713750,2754443
2016,TRES NIVELES DE GOBIERNO,ADAPTACION Y MITIGACION,CUSCO,37405810,35963441
2016,TRES NIVELES DE GOBIERNO,ADAPTACION Y MITIGACION,HUANCAVELICA,4761321,4417486
2016,TRES NIVELES DE GOBIERNO,ADAPTACION Y MITIGACION,HUANUCO,11058960,9823293
2016,TRES NIVELES DE GOBIERNO,ADAPTACION Y MITIGACION,ICA,561949,542565
2016,TRES NIVELES DE GOBIERNO,ADAPTACION Y MITIGACION,JUNIN,258381,111500
2016,TRES NIVELES DE GOBIERNO,ADAPTACION Y MITIGACION,LA LIBERTAD,2923454,2651318
2016,TRES NIVELES DE GOBIERNO,ADAPTACION Y MITIGACION,LAMBAYEQUE,50000,0
2016,TRES NIVELES DE GOBIERNO,ADAPTACION Y MITIGACION,LIMA,765022,740252
2016,TRES NIVELES DE GOBIERNO,ADAPTACION Y MITIGACION,LORETO,655182,400910
2016,TRES NIVELES DE GOBIERNO,ADAPTACION Y MITIGACION,MADRE DE DIOS,819292,817060
2016,TRES NIVELES DE GOBIERNO,ADAPTACION Y MITIGACION,MOQUEGUA,1406604,1217064
2016,TRES NIVELES DE GOBIERNO,ADAPTACION Y MITIGACION,NACIONAL,120669598,109239851
2016,TRES NIVELES DE GOBIERNO,ADAPTACION Y MITIGACION,PASCO,2037899,1230388
2016,TRES NIVELES DE GOBIERNO,ADAPTACION Y MITIGACION,PIURA,663782,510490
2016,TRES NIVELES DE GOBIERNO,ADAPTACION Y MITIGACION,PUNO,3971428,3848914
2016,TRES NIVELES DE GOBIERNO,ADAPTACION Y MITIGACION,SAN MARTIN,3705565,3334856
2016,TRES NIVELES DE GOBIERNO,ADAPTACION Y MITIGACION,TUMBES,295462,293842
2016,TRES NIVELES DE GOBIERNO,ADAPTACION Y MITIGACION,UCAYALI,189952,141343
2016,TRES NIVELES DE GOBIERNO,MITIGACION,AMAZONAS,78170,39040
2016,TRES NIVELES DE GOBIERNO,MITIGACION,AREQUIPA,12400,12389
2016,TRES NIVELES DE GOBIERNO,MITIGACION,CAJAMARCA,707998,552256
2016,TRES NIVELES DE GOBIERNO,MITIGACION,CUSCO,128571,127371
2016,TRES NIVELES DE GOBIERNO,MITIGACION,JUNIN,60376,56375
2016,TRES NIVELES DE GOBIERNO,MITIGACION,LA LIBERTAD,433719,384323
2016,TRES NIVELES DE GOBIERNO,MITIGACION,NACIONAL,1893540,1429464
2016,TRES NIVELES DE GOBIERNO,MITIGACION,PUNO,472306,257710
2017,GOBIERNOS LOCALES,ADAPTACION,AMAZONAS,14471393,14066309
2017,GOBIERNOS LOCALES,ADAPTACION,ANCASH,37883052,27357271
2017,GOBIERNOS LOCALES,ADAPTACION,APURIMAC,42108694,27252400
2017,GOBIERNOS LOCALES,ADAPTACION,AREQUIPA,46031379,32110616
2017,GOBIERNOS LOCALES,ADAPTACION,AYACUCHO,49805008,34338093
2017,GOBIERNOS LOCALES,ADAPTACION,CAJAMARCA,65252337,55764929
2017,GOBIERNOS LOCALES,ADAPTACION,CUSCO,28842029,13614796
2017,GOBIERNOS LOCALES,ADAPTACION,HUANCAVELICA,25820237,17617666
2017,GOBIERNOS LOCALES,ADAPTACION,HUANUCO,22120462,14041275
2017,GOBIERNOS LOCALES,ADAPTACION,ICA,14558826,7233338
2017,GOBIERNOS LOCALES,ADAPTACION,JUNIN,95632036,37561583
2017,GOBIERNOS LOCALES,ADAPTACION,LA LIBERTAD,42631160,22161063
2017,GOBIERNOS LOCALES,ADAPTACION,LAMBAYEQUE,27297714,10372997
2017,GOBIERNOS LOCALES,ADAPTACION,LIMA,30810799,11857950
2017,GOBIERNOS LOCALES,ADAPTACION,LORETO,31636591,12305554
2017,GOBIERNOS LOCALES,ADAPTACION,MADRE DE DIOS,6721059,2128554
2017,GOBIERNOS LOCALES,ADAPTACION,MOQUEGUA,6785914,4503045
2017,GOBIERNOS LOCALES,ADAPTACION,PASCO,8517651,8236488
2017,GOBIERNOS LOCALES,ADAPTACION,PIURA,20750935,15750896
2017,GOBIERNOS LOCALES,ADAPTACION,PUNO,32356685,22752421
2017,GOBIERNOS LOCALES,ADAPTACION,SAN MARTIN,73897851,37178864
2017,GOBIERNOS LOCALES,ADAPTACION,TACNA,277968,233343
2017,GOBIERNOS LOCALES,ADAPTACION,TUMBES,1754393,1177582
2017,GOBIERNOS LOCALES,ADAPTACION,UCAYALI,346890,346890
2017,GOBIERNOS LOCALES,ADAPTACION,NACIONAL,726311063,429963923
2017,GOBIERNO NACIONAL,ADAPTACION,LIMA,154874,0
2017,GOBIERNO NACIONAL,ADAPTACION,PIURA,28107505,0
2017,GOBIERNO NACIONAL,ADAPTACION,TUMBES,0,0
2017,GOBIERNO NACIONAL,ADAPTACION,NACIONAL,28262379,0
2017,GOBIERNO REGIONAL,ADAPTACION,AMAZONAS,12036867,11672167
2017,GOBIERNO REGIONAL,ADAPTACION,ANCASH,142423,142176
2017,GOBIERNO REGIONAL,ADAPTACION,APURIMAC,16829314,5381642
2017,GOBIERNO REGIONAL,ADAPTACION,AYACUCHO,11484563,11293202
2017,GOBIERNO REGIONAL,ADAPTACION,CAJAMARCA,760000,380000
2017,GOBIERNO REGIONAL,ADAPTACION,CUSCO,32000,1000
2017,GOBIERNO REGIONAL,ADAPTACION,LIMA,99383,91879
2017,GOBIERNO REGIONAL,ADAPTACION,MADRE DE DIOS,162650,56160
2017,GOBIERNO REGIONAL,ADAPTACION,PASCO,4995469,4781255
2017,GOBIERNO REGIONAL,ADAPTACION,PIURA,52166,0
2017,GOBIERNO REGIONAL,ADAPTACION,SAN MARTIN,819037,146683
2017,GOBIERNO REGIONAL,ADAPTACION,TACNA,18000,18000
2017,GOBIERNO REGIONAL,ADAPTACION,NACIONAL,47431872,33964164
2017,GOBIERNOS LOCALES,ADAPTACION Y MITIGACION,AMAZONAS,173824,161705
2017,GOBIERNOS LOCALES,ADAPTACION Y MITIGACION,ANCASH,1175218,932452
2017,GOBIERNOS LOCALES,ADAPTACION Y MITIGACION,APURIMAC,1278075,839159
2017,GOBIERNOS LOCALES,ADAPTACION Y MITIGACION,AREQUIPA,2949433,370165
2017,GOBIERNOS LOCALES,ADAPTACION Y MITIGACION,AYACUCHO,7156685,5994782
2017,GOBIERNOS LOCALES,ADAPTACION Y MITIGACION,CAJAMARCA,2195967,1845756
2017,GOBIERNOS LOCALES,ADAPTACION Y MITIGACION,CUSCO,31152821,28524921
2017,GOBIERNOS LOCALES,ADAPTACION Y MITIGACION,HUANCAVELICA,629096,415043
2017,GOBIERNOS LOCALES,ADAPTACION Y MITIGACION,HUANUCO,3180635,2660621
2017,GOBIERNOS LOCALES,ADAPTACION Y MITIGACION,ICA,27127,25000
2017,GOBIERNOS LOCALES,ADAPTACION Y MITIGACION,JUNIN,969326,890073
2017,GOBIERNOS LOCALES,ADAPTACION Y MITIGACION,LA LIBERTAD,1276121,1118359
2017,GOBIERNOS LOCALES,ADAPTACION Y MITIGACION,LIMA,352471,114599
2017,GOBIERNOS LOCALES,ADAPTACION Y MITIGACION,LORETO,47719,30000
2017,GOBIERNOS LOCALES,ADAPTACION Y MITIGACION,MADRE DE DIOS,1382366,1086108
2017,GOBIERNOS LOCALES,ADAPTACION Y MITIGACION,MOQUEGUA,218524,194097
2017,GOBIERNOS LOCALES,ADAPTACION Y MITIGACION,PASCO,2711017,1253823
2017,GOBIERNOS LOCALES,ADAPTACION Y MITIGACION,PIURA,192648,191056
2017,GOBIERNOS LOCALES,ADAPTACION Y MITIGACION,PUNO,781583,737853
2017,GOBIERNOS LOCALES,ADAPTACION Y MITIGACION,SAN MARTIN,3454940,2205157
2017,GOBIERNOS LOCALES,ADAPTACION Y MITIGACION,TUMBES,320404,285594
2017,GOBIERNOS LOCALES,ADAPTACION Y MITIGACION,UCAYALI,11520,11520
2017,GOBIERNOS LOCALES,ADAPTACION Y MITIGACION,NACIONAL,61637520,49887843
2017,GOBIERNO NACIONAL,ADAPTACION Y MITIGACION,AMAZONAS,3522973,3315517
2017,GOBIERNO NACIONAL,ADAPTACION Y MITIGACION,ANCASH,6573835,5886399
2017,GOBIERNO NACIONAL,ADAPTACION Y MITIGACION,CAJAMARCA,540238,237000
2017,GOBIERNO NACIONAL,ADAPTACION Y MITIGACION,HUANUCO,0,0
2017,GOBIERNO NACIONAL,ADAPTACION Y MITIGACION,LORETO,2175465,2175458
2017,GOBIERNO NACIONAL,ADAPTACION Y MITIGACION,MADRE DE DIOS,999218,673936
2017,GOBIERNO NACIONAL,ADAPTACION Y MITIGACION,SAN MARTIN,1900892,1900108
2017,GOBIERNO NACIONAL,ADAPTACION Y MITIGACION,NACIONAL,15712621,14188418
2017,GOBIERNO REGIONAL,ADAPTACION Y MITIGACION,AMAZONAS,1810316,1810310
2017,GOBIERNO REGIONAL,ADAPTACION Y MITIGACION,ANCASH,2970900,1348124
2017,GOBIERNO REGIONAL,ADAPTACION Y MITIGACION,APURIMAC,18580432,18421628
2017,GOBIERNO REGIONAL,ADAPTACION Y MITIGACION,AYACUCHO,1499897,1495749
2017,GOBIERNO REGIONAL,ADAPTACION Y MITIGACION,CAJAMARCA,1583969,1175515
2017,GOBIERNO REGIONAL,ADAPTACION Y MITIGACION,CUSCO,2904628,2414242
2017,GOBIERNO REGIONAL,ADAPTACION Y MITIGACION,HUANCAVELICA,4476868,4279835
2017,GOBIERNO REGIONAL,ADAPTACION Y MITIGACION,HUANUCO,2765227,2743122
2017,GOBIERNO REGIONAL,ADAPTACION Y MITIGACION,LORETO,1091417,137100
2017,GOBIERNO REGIONAL,ADAPTACION Y MITIGACION,MADRE DE DIOS,1228,1200
2017,GOBIERNO REGIONAL,ADAPTACION Y MITIGACION,PIURA,0,0
2017,GOBIERNO REGIONAL,ADAPTACION Y MITIGACION,PUNO,3951536,3794466
2017,GOBIERNO REGIONAL,ADAPTACION Y MITIGACION,SAN MARTIN,679432,426010
2017,GOBIERNO REGIONAL,ADAPTACION Y MITIGACION,NACIONAL,42315850,38047301
2017,GOBIERNOS LOCALES,MITIGACION,AMAZONAS,89831,89702
2017,GOBIERNOS LOCALES,MITIGACION,AREQUIPA,4260,4260
2017,GOBIERNOS LOCALES,MITIGACION,CAJAMARCA,415751,265751
2017,GOBIERNOS LOCALES,MITIGACION,CUSCO,4462776,1228716
2017,GOBIERNOS LOCALES,MITIGACION,HUANUCO,73000,70930
2017,GOBIERNOS LOCALES,MITIGACION,LIMA,874177,0
2017,GOBIERNOS LOCALES,MITIGACION,PUNO,322591,314380
2017,GOBIERNOS LOCALES,MITIGACION,NACIONAL,6242386,1973739
2017,GOBIERNO REGIONAL,MITIGACION,CAJAMARCA,6538,4167
2017,GOBIERNO REGIONAL,MITIGACION,NACIONA,6538,4167
2017,TRES NIVELES DE GOBIERNO,ADAPTACION,AMAZONAS,26508260,25738476
2017,TRES NIVELES DE GOBIERNO,ADAPTACION,ANCASH,38025475,27499447
2017,TRES NIVELES DE GOBIERNO,ADAPTACION,APURIMAC,58938008,32634042
2017,TRES NIVELES DE GOBIERNO,ADAPTACION,AREQUIPA,46031379,32110616
2017,TRES NIVELES DE GOBIERNO,ADAPTACION,AYACUCHO,61289571,45631295
2017,TRES NIVELES DE GOBIERNO,ADAPTACION,CAJAMARCA,66012337,56144929
2017,TRES NIVELES DE GOBIERNO,ADAPTACION,CUSCO,28874029,13615796
2017,TRES NIVELES DE GOBIERNO,ADAPTACION,HUANCAVELICA,25820237,17617666
2017,TRES NIVELES DE GOBIERNO,ADAPTACION,HUANUCO,22120462,14041275
2017,TRES NIVELES DE GOBIERNO,ADAPTACION,ICA,14558826,7233338
2017,TRES NIVELES DE GOBIERNO,ADAPTACION,JUNIN,95632036,37561583
2017,TRES NIVELES DE GOBIERNO,ADAPTACION,LA LIBERTAD,42631160,22161063
2017,TRES NIVELES DE GOBIERNO,ADAPTACION,LAMBAYEQUE,27297714,10372997
2017,TRES NIVELES DE GOBIERNO,ADAPTACION,LIMA,31065056,11949829
2017,TRES NIVELES DE GOBIERNO,ADAPTACION,LORETO,31636591,12305554
2017,TRES NIVELES DE GOBIERNO,ADAPTACION,MADRE DE DIOS,6883709,2184714
2017,TRES NIVELES DE GOBIERNO,ADAPTACION,MOQUEGUA,6785914,4503045
2017,TRES NIVELES DE GOBIERNO,ADAPTACION,NACIONAL,802005314,463928087
2017,TRES NIVELES DE GOBIERNO,ADAPTACION,PASCO,13513120,13017743
2017,TRES NIVELES DE GOBIERNO,ADAPTACION,PIURA,48910606,15750896
2017,TRES NIVELES DE GOBIERNO,ADAPTACION,PUNO,32356685,22752421
2017,TRES NIVELES DE GOBIERNO,ADAPTACION,SAN MARTIN,74716888,37325547
2017,TRES NIVELES DE GOBIERNO,ADAPTACION,TACNA,295968,251343
2017,TRES NIVELES DE GOBIERNO,ADAPTACION,TUMBES,1754393,1177582
2017,TRES NIVELES DE GOBIERNO,ADAPTACION,UCAYALI,346890,346890
2017,TRES NIVELES DE GOBIERNO,ADAPTACION Y MITIGACION,AMAZONAS,5507113,5287532
2017,TRES NIVELES DE GOBIERNO,ADAPTACION Y MITIGACION,ANCASH,10719953,8166975
2017,TRES NIVELES DE GOBIERNO,ADAPTACION Y MITIGACION,APURIMAC,19858507,19260787
2017,TRES NIVELES DE GOBIERNO,ADAPTACION Y MITIGACION,AREQUIPA,2949433,370165
2017,TRES NIVELES DE GOBIERNO,ADAPTACION Y MITIGACION,AYACUCHO,8656582,7490531
2017,TRES NIVELES DE GOBIERNO,ADAPTACION Y MITIGACION,CAJAMARCA,4320174,3258271
2017,TRES NIVELES DE GOBIERNO,ADAPTACION Y MITIGACION,CUSCO,34057449,30939163
2017,TRES NIVELES DE GOBIERNO,ADAPTACION Y MITIGACION,HUANCAVELICA,5105964,4694878
2017,TRES NIVELES DE GOBIERNO,ADAPTACION Y MITIGACION,HUANUCO,5945862,5403743
2017,TRES NIVELES DE GOBIERNO,ADAPTACION Y MITIGACION,ICA,27127,25000
2017,TRES NIVELES DE GOBIERNO,ADAPTACION Y MITIGACION,JUNIN,969326,890073
2017,TRES NIVELES DE GOBIERNO,ADAPTACION Y MITIGACION,LA LIBERTAD,1276121,1118359
2017,TRES NIVELES DE GOBIERNO,ADAPTACION Y MITIGACION,LIMA,352471,114599
2017,TRES NIVELES DE GOBIERNO,ADAPTACION Y MITIGACION,LORETO,3314601,2342558
2017,TRES NIVELES DE GOBIERNO,ADAPTACION Y MITIGACION,MADRE DE DIOS,2382812,1761244
2017,TRES NIVELES DE GOBIERNO,ADAPTACION Y MITIGACION,MOQUEGUA,218524,194097
2017,TRES NIVELES DE GOBIERNO,ADAPTACION Y MITIGACION,NACIONAL,119665991,102123562
2017,TRES NIVELES DE GOBIERNO,ADAPTACION Y MITIGACION,PASCO,2711017,1253823
2017,TRES NIVELES DE GOBIERNO,ADAPTACION Y MITIGACION,PIURA,192648,191056
2017,TRES NIVELES DE GOBIERNO,ADAPTACION Y MITIGACION,PUNO,4733119,4532319
2017,TRES NIVELES DE GOBIERNO,ADAPTACION Y MITIGACION,SAN MARTIN,6035264,4531275
2017,TRES NIVELES DE GOBIERNO,ADAPTACION Y MITIGACION,TUMBES,320404,285594
2017,TRES NIVELES DE GOBIERNO,ADAPTACION Y MITIGACION,UCAYALI,11520,11520
2017,TRES NIVELES DE GOBIERNO,MITIGACION,AMAZONAS,89831,89702
2017,TRES NIVELES DE GOBIERNO,MITIGACION,AREQUIPA,4260,4260
2017,TRES NIVELES DE GOBIERNO,MITIGACION,CAJAMARCA,422289,269918
2017,TRES NIVELES DE GOBIERNO,MITIGACION,CUSCO,4462776,1228716
2017,TRES NIVELES DE GOBIERNO,MITIGACION,HUANUCO,73000,70930
2017,TRES NIVELES DE GOBIERNO,MITIGACION,LIMA,874177,0
2017,TRES NIVELES DE GOBIERNO,MITIGACION,NACIONA,6538,4167
2017,TRES NIVELES DE GOBIERNO,MITIGACION,NACIONAL,6242386,1973739
2017,TRES NIVELES DE GOBIERNO,MITIGACION,PUNO,322591,314380
2018,GOBIERNOS LOCALES,ADAPTACION,AMAZONAS,3069461,2949727
2018,GOBIERNOS LOCALES,ADAPTACION,ANCASH,23441898,10745775
2018,GOBIERNOS LOCALES,ADAPTACION,APURIMAC,12800013,10264666
2018,GOBIERNOS LOCALES,ADAPTACION,AREQUIPA,49896777,28212669
2018,GOBIERNOS LOCALES,ADAPTACION,AYACUCHO,40544483,19461504
2018,GOBIERNOS LOCALES,ADAPTACION,CAJAMARCA,27122664,17836061
2018,GOBIERNOS LOCALES,ADAPTACION,CUSCO,24172972,7267278
2018,GOBIERNOS LOCALES,ADAPTACION,HUANCAVELICA,19543890,12032477
2018,GOBIERNOS LOCALES,ADAPTACION,HUANUCO,14712566,10938432
2018,GOBIERNOS LOCALES,ADAPTACION,ICA,12619431,8112116
2018,GOBIERNOS LOCALES,ADAPTACION,JUNIN,71532861,49014132
2018,GOBIERNOS LOCALES,ADAPTACION,LA LIBERTAD,65102191,29646443
2018,GOBIERNOS LOCALES,ADAPTACION,LAMBAYEQUE,9579576,7181522
2018,GOBIERNOS LOCALES,ADAPTACION,LIMA,84061101,10615662
2018,GOBIERNOS LOCALES,ADAPTACION,LORETO,51093763,46856191
2018,GOBIERNOS LOCALES,ADAPTACION,MADRE DE DIOS,10426737,342916
2018,GOBIERNOS LOCALES,ADAPTACION,MOQUEGUA,2497726,2186894
2018,GOBIERNOS LOCALES,ADAPTACION,PASCO,1148311,262253
2018,GOBIERNOS LOCALES,ADAPTACION,PIURA,25074647,9538564
2018,GOBIERNOS LOCALES,ADAPTACION,PUNO,10432976,7951750
2018,GOBIERNOS LOCALES,ADAPTACION,SAN MARTIN,147671475,42957261
2018,GOBIERNOS LOCALES,ADAPTACION,TACNA,263498,237584
2018,GOBIERNOS LOCALES,ADAPTACION,TUMBES,4829881,0
2018,GOBIERNOS LOCALES,ADAPTACION,UCAYALI,32397,32397
2018,GOBIERNOS LOCALES,ADAPTACION,NACIONAL,711671295,334644274
2018,GOBIERNO NACIONAL,ADAPTACION,ANCASH,1714089,0
2018,GOBIERNO NACIONAL,ADAPTACION,LA LIBERTAD,2156344,92740
2018,GOBIERNO NACIONAL,ADAPTACION,LAMBAYEQUE,7950174,0
2018,GOBIERNO NACIONAL,ADAPTACION,LIMA,3387003,0
2018,GOBIERNO NACIONAL,ADAPTACION,PIURA,56540062,16751292
2018,GOBIERNO NACIONAL,ADAPTACION,TUMBES,1310618,1212969
2018,GOBIERNO NACIONAL,ADAPTACION,NACIONAL,73058290,18057001
2018,GOBIERNO REGIONAL,MITIGACION,AMAZONAS,6077820,6035488
2018,GOBIERNO REGIONAL,MITIGACION,APURIMAC,14638015,12162572
2018,GOBIERNO REGIONAL,MITIGACION,AYACUCHO,13336508,12693106
2018,GOBIERNO REGIONAL,MITIGACION,CAJAMARCA,380000,380000
2018,GOBIERNO REGIONAL,MITIGACION,PROVINCIA CONSTITUCIONAL DEL CALLAO,7315354,0
2018,GOBIERNO REGIONAL,MITIGACION,CUSCO,876362,397390
2018,GOBIERNO REGIONAL,MITIGACION,LIMA,1923646,1764834
2018,GOBIERNO REGIONAL,MITIGACION,MADRE DE DIOS,1172439,699664
2018,GOBIERNO REGIONAL,MITIGACION,PASCO,7423459,6017418
2018,GOBIERNO REGIONAL,MITIGACION,PIURA,653193,590966
2018,GOBIERNO REGIONAL,MITIGACION,SAN MARTIN,672353,354935
2018,GOBIERNO REGIONAL,MITIGACION,NAICONAL,54469149,41096373
2018,GOBIERNOS LOCALES,ADAPTACION Y MITIGACION,AMAZONAS,18000,18000
2018,GOBIERNOS LOCALES,ADAPTACION Y MITIGACION,ANCASH,297311,175290
2018,GOBIERNOS LOCALES,ADAPTACION Y MITIGACION,APURIMAC,2832825,2257955
2018,GOBIERNOS LOCALES,ADAPTACION Y MITIGACION,AREQUIPA,1529075,1004475
2018,GOBIERNOS LOCALES,ADAPTACION Y MITIGACION,AYACUCHO,6231233,5980529
2018,GOBIERNOS LOCALES,ADAPTACION Y MITIGACION,CAJAMARCA,1264354,1121598
2018,GOBIERNOS LOCALES,ADAPTACION Y MITIGACION,CUSCO,34357439,31855414
2018,GOBIERNOS LOCALES,ADAPTACION Y MITIGACION,HUANCAVELICA,173916,148567
2018,GOBIERNOS LOCALES,ADAPTACION Y MITIGACION,HUANUCO,1586310,1464790
2018,GOBIERNOS LOCALES,ADAPTACION Y MITIGACION,ICA,325520,252104
2018,GOBIERNOS LOCALES,ADAPTACION Y MITIGACION,JUNIN,400438,359748
2018,GOBIERNOS LOCALES,ADAPTACION Y MITIGACION,LA LIBERTAD,489003,486331
2018,GOBIERNOS LOCALES,ADAPTACION Y MITIGACION,LIMA,1061142,963314
2018,GOBIERNOS LOCALES,ADAPTACION Y MITIGACION,LORETO,742970,738271
2018,GOBIERNOS LOCALES,ADAPTACION Y MITIGACION,MADRE DE DIOS,1307391,920482
2018,GOBIERNOS LOCALES,ADAPTACION Y MITIGACION,MOQUEGUA,163218,156152
2018,GOBIERNOS LOCALES,ADAPTACION Y MITIGACION,PASCO,3453008,1916109
2018,GOBIERNOS LOCALES,ADAPTACION Y MITIGACION,PIURA,150100,120943
2018,GOBIERNOS LOCALES,ADAPTACION Y MITIGACION,PUNO,692189,605049
2018,GOBIERNOS LOCALES,ADAPTACION Y MITIGACION,SAN MARTIN,2216996,1549310
2018,GOBIERNOS LOCALES,ADAPTACION Y MITIGACION,TUMBES,3080,3080
2018,GOBIERNOS LOCALES,ADAPTACION Y MITIGACION,UCAYALI,35000,26090
2018,GOBIERNOS LOCALES,ADAPTACION Y MITIGACION,NACIONAL,59330518,52123601
2018,GOBIERNO REGIONAL,ADAPTACION Y MITIGACION,AMAZONAS,667267,662081
2018,GOBIERNO REGIONAL,ADAPTACION Y MITIGACION,ANCASH,37339010,11732051
2018,GOBIERNO REGIONAL,ADAPTACION Y MITIGACION,APURIMAC,37306164,27856683
2018,GOBIERNO REGIONAL,ADAPTACION Y MITIGACION,AYACUCHO,1552119,1476784
2018,GOBIERNO REGIONAL,ADAPTACION Y MITIGACION,CAJAMARCA,2573386,644372
2018,GOBIERNO REGIONAL,ADAPTACION Y MITIGACION,CUSCO,5929473,5343417
2018,GOBIERNO REGIONAL,ADAPTACION Y MITIGACION,HUANCAVELICA,3831709,2821074
2018,GOBIERNO REGIONAL,ADAPTACION Y MITIGACION,HUANUCO,2588824,1144440
2018,GOBIERNO REGIONAL,ADAPTACION Y MITIGACION,LORETO,2205166,1809290
2018,GOBIERNO REGIONAL,ADAPTACION Y MITIGACION,PUNO,3562132,3242088
2018,GOBIERNO REGIONAL,ADAPTACION Y MITIGACION,SAN MARTIN,820154,687752
2018,GOBIERNO REGIONAL,ADAPTACION Y MITIGACION,NAICONAL,98375404,57420032
2018,GOBIERNO NACIONAL,ADAPTACION Y MITIGACION,AMAZONAS,3814528,2479583
2018,GOBIERNO NACIONAL,ADAPTACION Y MITIGACION,ANCASH,3077310,3070797
2018,GOBIERNO NACIONAL,ADAPTACION Y MITIGACION,CAJAMARCA,303238,234523
2018,GOBIERNO NACIONAL,ADAPTACION Y MITIGACION,HUANCAVELICA,1642932,1626252
2018,GOBIERNO NACIONAL,ADAPTACION Y MITIGACION,LORETO,6455875,5034574
2018,GOBIERNO NACIONAL,ADAPTACION Y MITIGACION,MADRE DE DIOS,325283,325283
2018,GOBIERNO NACIONAL,ADAPTACION Y MITIGACION,SAN MARTIN,2189620,2181364
2018,GOBIERNO NACIONAL,ADAPTACION Y MITIGACION,NACIONAL,17808786,14952376
2018,GOBIERNOS LOCALES,MITIGACION,AMAZONAS,3000,3000
2018,GOBIERNOS LOCALES,MITIGACION,ANCASH,434978,400503
2018,GOBIERNOS LOCALES,MITIGACION,AREQUIPA,67454,66694
2018,GOBIERNOS LOCALES,MITIGACION,AYACUCHO,26067,26066
2018,GOBIERNOS LOCALES,MITIGACION,CAJAMARCA,120000,120000
2018,GOBIERNOS LOCALES,MITIGACION,CUSCO,4305010,3584641
2018,GOBIERNOS LOCALES,MITIGACION,LA LIBERTAD,95226,70529
2018,GOBIERNOS LOCALES,MITIGACION,PUNO,236195,229314
2018,GOBIERNOS LOCALES,MITIGACION,NACIONAL,5287930,4500747
2018,GOBIERNO REGIONAL,MITIGACION,CAJAMARCA,194136,139653
2018,GOBIERNO REGIONAL,MITIGACION,NACIONAL,194136,139653
2018,TRES NIVELES DE GOBIERNO,ADAPTACION,AMAZONAS,3069461,2949727
2018,TRES NIVELES DE GOBIERNO,ADAPTACION,ANCASH,25155987,10745775
2018,TRES NIVELES DE GOBIERNO,ADAPTACION,APURIMAC,12800013,10264666
2018,TRES NIVELES DE GOBIERNO,ADAPTACION,AREQUIPA,49896777,28212669
2018,TRES NIVELES DE GOBIERNO,ADAPTACION,AYACUCHO,40544483,19461504
2018,TRES NIVELES DE GOBIERNO,ADAPTACION,CAJAMARCA,27122664,17836061
2018,TRES NIVELES DE GOBIERNO,ADAPTACION,CUSCO,24172972,7267278
2018,TRES NIVELES DE GOBIERNO,ADAPTACION,HUANCAVELICA,19543890,12032477
2018,TRES NIVELES DE GOBIERNO,ADAPTACION,HUANUCO,14712566,10938432
2018,TRES NIVELES DE GOBIERNO,ADAPTACION,ICA,12619431,8112116
2018,TRES NIVELES DE GOBIERNO,ADAPTACION,JUNIN,71532861,49014132
2018,TRES NIVELES DE GOBIERNO,ADAPTACION,LA LIBERTAD,67258535,29739183
2018,TRES NIVELES DE GOBIERNO,ADAPTACION,LAMBAYEQUE,17529750,7181522
2018,TRES NIVELES DE GOBIERNO,ADAPTACION,LIMA,87448104,10615662
2018,TRES NIVELES DE GOBIERNO,ADAPTACION,LORETO,51093763,46856191
2018,TRES NIVELES DE GOBIERNO,ADAPTACION,MADRE DE DIOS,10426737,342916
2018,TRES NIVELES DE GOBIERNO,ADAPTACION,MOQUEGUA,2497726,2186894
2018,TRES NIVELES DE GOBIERNO,ADAPTACION,NACIONAL,784729585,352701275
2018,TRES NIVELES DE GOBIERNO,ADAPTACION,PASCO,1148311,262253
2018,TRES NIVELES DE GOBIERNO,ADAPTACION,PIURA,81614709,26289856
2018,TRES NIVELES DE GOBIERNO,ADAPTACION,PUNO,10432976,7951750
2018,TRES NIVELES DE GOBIERNO,ADAPTACION,SAN MARTIN,147671475,42957261
2018,TRES NIVELES DE GOBIERNO,ADAPTACION,TACNA,263498,237584
2018,TRES NIVELES DE GOBIERNO,ADAPTACION,TUMBES,6140499,1212969
2018,TRES NIVELES DE GOBIERNO,ADAPTACION,UCAYALI,32397,32397
2018,TRES NIVELES DE GOBIERNO,ADAPTACION Y MITIGACION,AMAZONAS,4499795,3159664
2018,TRES NIVELES DE GOBIERNO,ADAPTACION Y MITIGACION,ANCASH,40713631,14978138
2018,TRES NIVELES DE GOBIERNO,ADAPTACION Y MITIGACION,APURIMAC,40138989,30114638
2018,TRES NIVELES DE GOBIERNO,ADAPTACION Y MITIGACION,AREQUIPA,1529075,1004475
2018,TRES NIVELES DE GOBIERNO,ADAPTACION Y MITIGACION,AYACUCHO,7783352,7457313
2018,TRES NIVELES DE GOBIERNO,ADAPTACION Y MITIGACION,CAJAMARCA,4140978,2000493
2018,TRES NIVELES DE GOBIERNO,ADAPTACION Y MITIGACION,CUSCO,40286912,37198831
2018,TRES NIVELES DE GOBIERNO,ADAPTACION Y MITIGACION,HUANCAVELICA,5648557,4595893
2018,TRES NIVELES DE GOBIERNO,ADAPTACION Y MITIGACION,HUANUCO,4175134,2609230
2018,TRES NIVELES DE GOBIERNO,ADAPTACION Y MITIGACION,ICA,325520,252104
2018,TRES NIVELES DE GOBIERNO,ADAPTACION Y MITIGACION,JUNIN,400438,359748
2018,TRES NIVELES DE GOBIERNO,ADAPTACION Y MITIGACION,LA LIBERTAD,489003,486331
2018,TRES NIVELES DE GOBIERNO,ADAPTACION Y MITIGACION,LIMA,1061142,963314
2018,TRES NIVELES DE GOBIERNO,ADAPTACION Y MITIGACION,LORETO,9404011,7582135
2018,TRES NIVELES DE GOBIERNO,ADAPTACION Y MITIGACION,MADRE DE DIOS,1632674,1245765
2018,TRES NIVELES DE GOBIERNO,ADAPTACION Y MITIGACION,MOQUEGUA,163218,156152
2018,TRES NIVELES DE GOBIERNO,ADAPTACION Y MITIGACION,NACIONAL,77139304,67075977
2018,TRES NIVELES DE GOBIERNO,ADAPTACION Y MITIGACION,NAICONAL,98375404,57420032
2018,TRES NIVELES DE GOBIERNO,ADAPTACION Y MITIGACION,PASCO,3453008,1916109
2018,TRES NIVELES DE GOBIERNO,ADAPTACION Y MITIGACION,PIURA,150100,120943
2018,TRES NIVELES DE GOBIERNO,ADAPTACION Y MITIGACION,PUNO,4254321,3847137
2018,TRES NIVELES DE GOBIERNO,ADAPTACION Y MITIGACION,SAN MARTIN,5226770,4418426
2018,TRES NIVELES DE GOBIERNO,ADAPTACION Y MITIGACION,TUMBES,3080,3080
2018,TRES NIVELES DE GOBIERNO,ADAPTACION Y MITIGACION,UCAYALI,35000,26090
2018,TRES NIVELES DE GOBIERNO,MITIGACION,AMAZONAS,6077820,6035488
2018,TRES NIVELES DE GOBIERNO,MITIGACION,APURIMAC,14638015,12162572
2018,TRES NIVELES DE GOBIERNO,MITIGACION,AYACUCHO,13336508,12693106
2018,TRES NIVELES DE GOBIERNO,MITIGACION,CAJAMARCA,380000,380000
2018,TRES NIVELES DE GOBIERNO,MITIGACION,CUSCO,876362,397390
2018,TRES NIVELES DE GOBIERNO,MITIGACION,LIMA,1923646,1764834
2018,TRES NIVELES DE GOBIERNO,MITIGACION,MADRE DE DIOS,1172439,699664
2018,TRES NIVELES DE GOBIERNO,MITIGACION,NAICONAL,54469149,41096373
2018,TRES NIVELES DE GOBIERNO,MITIGACION,PASCO,7423459,6017418
2018,TRES NIVELES DE GOBIERNO,MITIGACION,PIURA,653193,590966
2018,TRES NIVELES DE GOBIERNO,MITIGACION,PROVINCIA CONSTITUCIONAL DEL CALLAO,7315354,0
2018,TRES NIVELES DE GOBIERNO,MITIGACION,SAN MARTIN,672353,354935
2019,GOBIERNOS LOCALES,ADAPTACION,AMAZONAS,2182533,1998991
2019,GOBIERNOS LOCALES,ADAPTACION,ANCASH,36400587,14068482
2019,GOBIERNOS LOCALES,ADAPTACION,APURIMAC,9706496,2042574
2019,GOBIERNOS LOCALES,ADAPTACION,AREQUIPA,38576622,12221508
2019,GOBIERNOS LOCALES,ADAPTACION,AYACUCHO,59390248,42005774
2019,GOBIERNOS LOCALES,ADAPTACION,CAJAMARCA,56660102,27839597
2019,GOBIERNOS LOCALES,ADAPTACION,CUSCO,32245729,10874891
2019,GOBIERNOS LOCALES,ADAPTACION,HUANCAVELICA,11568946,5572793
2019,GOBIERNOS LOCALES,ADAPTACION,HUANUCO,1749948,1096725
2019,GOBIERNOS LOCALES,ADAPTACION,ICA,11471032,8491917
2019,GOBIERNOS LOCALES,ADAPTACION,JUNIN,67769021,38066909
2019,GOBIERNOS LOCALES,ADAPTACION,LA LIBERTAD,88339665,61050480
2019,GOBIERNOS LOCALES,ADAPTACION,LAMBAYEQUE,3073692,1922607
2019,GOBIERNOS LOCALES,ADAPTACION,LIMA,21424489,10059870
2019,GOBIERNOS LOCALES,ADAPTACION,LORETO,13925346,13107139
2019,GOBIERNOS LOCALES,ADAPTACION,MADRE DE DIOS,10420078,3910204
2019,GOBIERNOS LOCALES,ADAPTACION,MOQUEGUA,230363,57088
2019,GOBIERNOS LOCALES,ADAPTACION,PASCO,2214198,2012492
2019,GOBIERNOS LOCALES,ADAPTACION,PIURA,40243885,24171037
2019,GOBIERNOS LOCALES,ADAPTACION,PUNO,1031978,810565
2019,GOBIERNOS LOCALES,ADAPTACION,SAN MARTIN,205121424,53654053
2019,GOBIERNOS LOCALES,ADAPTACION,TACNA,3952847,1461
2019,GOBIERNOS LOCALES,ADAPTACION,TUMBES,7760895,53089
2019,GOBIERNOS LOCALES,ADAPTACION,UCAYALI,1909565,244935
2019,GOBIERNOS LOCALES,ADAPTACION,,,
2019,GOBIERNO NACIONAL,ADAPTACION,AMAZONAS,0,0
2019,GOBIERNO NACIONAL,ADAPTACION,ANCASH,2290512,123005
2019,GOBIERNO NACIONAL,ADAPTACION,APURIMAC,24842618,22962776
2019,GOBIERNO NACIONAL,ADAPTACION,CAJAMARCA,71990,0
2019,GOBIERNO NACIONAL,ADAPTACION,HUANCAVELICA,80000,0
2019,GOBIERNO NACIONAL,ADAPTACION,LA LIBERTAD,4695489,1253890
2019,GOBIERNO NACIONAL,ADAPTACION,LAMBAYEQUE,11735427,3872185
2019,GOBIERNO NACIONAL,ADAPTACION,LIMA,11501956,3387280
2019,GOBIERNO NACIONAL,ADAPTACION,MOQUEGUA,0,0
2019,GOBIERNO NACIONAL,ADAPTACION,PIURA,89511756,62148696
2019,GOBIERNO NACIONAL,ADAPTACION,PUNO,38621,35000
2019,GOBIERNO NACIONAL,ADAPTACION,TUMBES,7000938,981544
2019,GOBIERNO NACIONAL,ADAPTACION,NACIONAL,151769307,94764376
2019,GOBIERNO REGIONAL,ADAPTACION,AMAZONAS,6065893,5689908
2019,GOBIERNO REGIONAL,ADAPTACION,APURIMAC,5657228,5568521
2019,GOBIERNO REGIONAL,ADAPTACION,AREQUIPA,2607292,1064237
2019,GOBIERNO REGIONAL,ADAPTACION,AYACUCHO,5564350,5205242
2019,GOBIERNO REGIONAL,ADAPTACION,CAJAMARCA,65000,32000
2019,GOBIERNO REGIONAL,ADAPTACION,PROVINCIA CONSTITUCIONAL DEL CALLAO,8538593,0
2019,GOBIERNO REGIONAL,ADAPTACION,CUSCO,1087951,983330
2019,GOBIERNO REGIONAL,ADAPTACION,LIMA,1809513,425872
2019,GOBIERNO REGIONAL,ADAPTACION,MADRE DE DIOS,2961636,2934284
2019,GOBIERNO REGIONAL,ADAPTACION,MOQUEGUA,10000,9590
2019,GOBIERNO REGIONAL,ADAPTACION,PASCO,8672565,7137970
2019,GOBIERNO REGIONAL,ADAPTACION,PIURA,52199,0
2019,GOBIERNO REGIONAL,ADAPTACION,SAN MARTIN,93429,45102
2019,GOBIERNO REGIONAL,ADAPTACION,NACIONAL,43185649,29096056
2019,GOBIERNOS LOCALES,ADAPTACION Y MITIGACION,ANCASH,364389,196026
2019,GOBIERNOS LOCALES,ADAPTACION Y MITIGACION,APURIMAC,1965945,1833088
2019,GOBIERNOS LOCALES,ADAPTACION Y MITIGACION,AREQUIPA,40000,37500
2019,GOBIERNOS LOCALES,ADAPTACION Y MITIGACION,AYACUCHO,7913153,7265968
2019,GOBIERNOS LOCALES,ADAPTACION Y MITIGACION,CAJAMARCA,774984,587843
2019,GOBIERNOS LOCALES,ADAPTACION Y MITIGACION,CUSCO,26998151,25795285
2019,GOBIERNOS LOCALES,ADAPTACION Y MITIGACION,HUANCAVELICA,938227,833722
2019,GOBIERNOS LOCALES,ADAPTACION Y MITIGACION,HUANUCO,214353,214351
2019,GOBIERNOS LOCALES,ADAPTACION Y MITIGACION,ICA,85212,65792
2019,GOBIERNOS LOCALES,ADAPTACION Y MITIGACION,JUNIN,112692,82215
2019,GOBIERNOS LOCALES,ADAPTACION Y MITIGACION,LA LIBERTAD,583306,389851
2019,GOBIERNOS LOCALES,ADAPTACION Y MITIGACION,LIMA,645677,515907
2019,GOBIERNOS LOCALES,ADAPTACION Y MITIGACION,LORETO,353808,336983
2019,GOBIERNOS LOCALES,ADAPTACION Y MITIGACION,MADRE DE DIOS,380330,356921
2019,GOBIERNOS LOCALES,ADAPTACION Y MITIGACION,MOQUEGUA,180000,149436
2019,GOBIERNOS LOCALES,ADAPTACION Y MITIGACION,PASCO,1839032,1720566
2019,GOBIERNOS LOCALES,ADAPTACION Y MITIGACION,PIURA,4361902,3908248
2019,GOBIERNOS LOCALES,ADAPTACION Y MITIGACION,SAN MARTIN,1029714,1028641
2019,GOBIERNOS LOCALES,ADAPTACION Y MITIGACION,TUMBES,306310,236664
2019,GOBIERNOS LOCALES,ADAPTACION Y MITIGACION,UCAYALI,2547009,2196318
2019,GOBIERNOS LOCALES,ADAPTACION Y MITIGACION,NACIONAL,51634194,47751325
2019,GOBIERNO NACIONAL,ADAPTACION Y MITIGACION,AMAZONAS,5108678,4774792
2019,GOBIERNO NACIONAL,ADAPTACION Y MITIGACION,ANCASH,438269,438269
2019,GOBIERNO NACIONAL,ADAPTACION Y MITIGACION,HUANCAVELICA,1727157,1713087
2019,GOBIERNO NACIONAL,ADAPTACION Y MITIGACION,HUANUCO,1850542,1841233
2019,GOBIERNO NACIONAL,ADAPTACION Y MITIGACION,LORETO,7294071,7292327
2019,GOBIERNO NACIONAL,ADAPTACION Y MITIGACION,SAN MARTIN,717223,717221
2019,GOBIERNO NACIONAL,ADAPTACION Y MITIGACION,NACIONAL,17135940,16776929
2019,GOBIERNO REGIONAL,ADAPTACION Y MITIGACION,AMAZONAS,2016700,1950627
2019,GOBIERNO REGIONAL,ADAPTACION Y MITIGACION,ANCASH,25976110,2413369
2019,GOBIERNO REGIONAL,ADAPTACION Y MITIGACION,APURIMAC,25949901,25863928
2019,GOBIERNO REGIONAL,ADAPTACION Y MITIGACION,AYACUCHO,830493,638798
2019,GOBIERNO REGIONAL,ADAPTACION Y MITIGACION,CAJAMARCA,746516,250902
2019,GOBIERNO REGIONAL,ADAPTACION Y MITIGACION,CUSCO,7659975,6416138
2019,GOBIERNO REGIONAL,ADAPTACION Y MITIGACION,HUANCAVELICA,3563042,2703713
2019,GOBIERNO REGIONAL,ADAPTACION Y MITIGACION,HUANUCO,1447129,1437300
2019,GOBIERNO REGIONAL,ADAPTACION Y MITIGACION,LORETO,7051789,3879332
2019,GOBIERNO REGIONAL,ADAPTACION Y MITIGACION,PIURA,1000000,965955
2019,GOBIERNO REGIONAL,ADAPTACION Y MITIGACION,PUNO,628106,615546
2019,GOBIERNO REGIONAL,ADAPTACION Y MITIGACION,SAN MARTIN,4519104,4420246
2019,GOBIERNO REGIONAL,ADAPTACION Y MITIGACION,NACIONAL,81388865,51555854
2019,GOBIERNOS LOCALES,MITIGACION,AMAZONAS,6000,6000
2019,GOBIERNOS LOCALES,MITIGACION,ANCASH,1679,0
2019,GOBIERNOS LOCALES,MITIGACION,AYACUCHO,45000,36581
2019,GOBIERNOS LOCALES,MITIGACION,CAJAMARCA,55000,15000
2019,GOBIERNOS LOCALES,MITIGACION,CUSCO,1645942,1249831
2019,GOBIERNOS LOCALES,MITIGACION,LA LIBERTAD,73500,33500
2019,GOBIERNOS LOCALES,MITIGACION,LIMA,514744,28000
2019,GOBIERNOS LOCALES,MITIGACION,PUNO,21000,21000
2019,GOBIERNOS LOCALES,MITIGACION,SAN MARTIN,130053,46000
2019,GOBIERNOS LOCALES,MITIGACION,NACIONAL,2492918,1435912
2019,GOBIERNO REGIONAL,MITIGACION,CAJAMARCA,19267,19057
2019,GOBIERNO REGIONAL,MITIGACION,NACIONAL,19267,19057
2019,TRES NIVELES DE GOBIERNO,ADAPTACION,AMAZONAS,8248426,7688899
2019,TRES NIVELES DE GOBIERNO,ADAPTACION,ANCASH,38691099,14191487
2019,TRES NIVELES DE GOBIERNO,ADAPTACION,APURIMAC,40206342,30573871
2019,TRES NIVELES DE GOBIERNO,ADAPTACION,AREQUIPA,41183914,13285745
2019,TRES NIVELES DE GOBIERNO,ADAPTACION,AYACUCHO,64954598,47211016
2019,TRES NIVELES DE GOBIERNO,ADAPTACION,CAJAMARCA,56797092,27871597
2019,TRES NIVELES DE GOBIERNO,ADAPTACION,CUSCO,33333680,11858221
2019,TRES NIVELES DE GOBIERNO,ADAPTACION,HUANCAVELICA,11648946,5572793
2019,TRES NIVELES DE GOBIERNO,ADAPTACION,HUANUCO,1749948,1096725
2019,TRES NIVELES DE GOBIERNO,ADAPTACION,ICA,11471032,8491917
2019,TRES NIVELES DE GOBIERNO,ADAPTACION,JUNIN,67769021,38066909
2019,TRES NIVELES DE GOBIERNO,ADAPTACION,LA LIBERTAD,93035154,62304370
2019,TRES NIVELES DE GOBIERNO,ADAPTACION,LAMBAYEQUE,14809119,5794792
2019,TRES NIVELES DE GOBIERNO,ADAPTACION,LIMA,34735958,13873022
2019,TRES NIVELES DE GOBIERNO,ADAPTACION,LORETO,13925346,13107139
2019,TRES NIVELES DE GOBIERNO,ADAPTACION,MADRE DE DIOS,13381714,6844488
2019,TRES NIVELES DE GOBIERNO,ADAPTACION,MOQUEGUA,240363,66678
2019,TRES NIVELES DE GOBIERNO,ADAPTACION,NACIONAL,194954956,123860432
2019,TRES NIVELES DE GOBIERNO,ADAPTACION,PASCO,10886763,9150462
2019,TRES NIVELES DE GOBIERNO,ADAPTACION,PIURA,129807840,86319733
2019,TRES NIVELES DE GOBIERNO,ADAPTACION,PROVINCIA CONSTITUCIONAL DEL CALLAO,8538593,0
2019,TRES NIVELES DE GOBIERNO,ADAPTACION,PUNO,1070599,845565
2019,TRES NIVELES DE GOBIERNO,ADAPTACION,SAN MARTIN,205214853,53699155
2019,TRES NIVELES DE GOBIERNO,ADAPTACION,TACNA,3952847,1461
2019,TRES NIVELES DE GOBIERNO,ADAPTACION,TUMBES,14761833,1034633
2019,TRES NIVELES DE GOBIERNO,ADAPTACION,UCAYALI,1909565,244935
2019,TRES NIVELES DE GOBIERNO,ADAPTACION Y MITIGACION,AMAZONAS,7125378,6725419
2019,TRES NIVELES DE GOBIERNO,ADAPTACION Y MITIGACION,ANCASH,26778768,3047664
2019,TRES NIVELES DE GOBIERNO,ADAPTACION Y MITIGACION,APURIMAC,27915846,27697016
2019,TRES NIVELES DE GOBIERNO,ADAPTACION Y MITIGACION,AREQUIPA,40000,37500
2019,TRES NIVELES DE GOBIERNO,ADAPTACION Y MITIGACION,AYACUCHO,8743646,7904766
2019,TRES NIVELES DE GOBIERNO,ADAPTACION Y MITIGACION,CAJAMARCA,1521500,838745
2019,TRES NIVELES DE GOBIERNO,ADAPTACION Y MITIGACION,CUSCO,34658126,32211423
2019,TRES NIVELES DE GOBIERNO,ADAPTACION Y MITIGACION,HUANCAVELICA,6228426,5250522
2019,TRES NIVELES DE GOBIERNO,ADAPTACION Y MITIGACION,HUANUCO,3512024,3492884
2019,TRES NIVELES DE GOBIERNO,ADAPTACION Y MITIGACION,ICA,85212,65792
2019,TRES NIVELES DE GOBIERNO,ADAPTACION Y MITIGACION,JUNIN,112692,82215
2019,TRES NIVELES DE GOBIERNO,ADAPTACION Y MITIGACION,LA LIBERTAD,583306,389851
2019,TRES NIVELES DE GOBIERNO,ADAPTACION Y MITIGACION,LIMA,645677,515907
2019,TRES NIVELES DE GOBIERNO,ADAPTACION Y MITIGACION,LORETO,14699668,11508642
2019,TRES NIVELES DE GOBIERNO,ADAPTACION Y MITIGACION,MADRE DE DIOS,380330,356921
2019,TRES NIVELES DE GOBIERNO,ADAPTACION Y MITIGACION,MOQUEGUA,180000,149436
2019,TRES NIVELES DE GOBIERNO,ADAPTACION Y MITIGACION,NACIONAL,150158999,116084108
2019,TRES NIVELES DE GOBIERNO,ADAPTACION Y MITIGACION,PASCO,1839032,1720566
2019,TRES NIVELES DE GOBIERNO,ADAPTACION Y MITIGACION,PIURA,5361902,4874203
2019,TRES NIVELES DE GOBIERNO,ADAPTACION Y MITIGACION,PUNO,628106,615546
2019,TRES NIVELES DE GOBIERNO,ADAPTACION Y MITIGACION,SAN MARTIN,6266041,6166108
2019,TRES NIVELES DE GOBIERNO,ADAPTACION Y MITIGACION,TUMBES,306310,236664
2019,TRES NIVELES DE GOBIERNO,ADAPTACION Y MITIGACION,UCAYALI,2547009,2196318
2019,TRES NIVELES DE GOBIERNO,MITIGACION,AMAZONAS,6000,6000
2019,TRES NIVELES DE GOBIERNO,MITIGACION,ANCASH,1679,0
2019,TRES NIVELES DE GOBIERNO,MITIGACION,AYACUCHO,45000,36581
2019,TRES NIVELES DE GOBIERNO,MITIGACION,CAJAMARCA,74267,34057
2019,TRES NIVELES DE GOBIERNO,MITIGACION,CUSCO,1645942,1249831
2019,TRES NIVELES DE GOBIERNO,MITIGACION,LA LIBERTAD,73500,33500
2019,TRES NIVELES DE GOBIERNO,MITIGACION,LIMA,514744,28000
2019,TRES NIVELES DE GOBIERNO,MITIGACION,NACIONAL,2512185,1454969
2019,TRES NIVELES DE GOBIERNO,MITIGACION,PUNO,21000,21000
2019,TRES NIVELES DE GOBIERNO,MITIGACION,SAN MARTIN,130053,46000
2020,GOBIERNOS LOCALES,ADAPTACION Y MITIGACION,AMAZONAS,28140,24931
2020,GOBIERNOS LOCALES,ADAPTACION Y MITIGACION,ANCASH,2833741,667045
2020,GOBIERNOS LOCALES,ADAPTACION Y MITIGACION,APURIMAC,4544340,4300459
2020,GOBIERNOS LOCALES,ADAPTACION Y MITIGACION,AREQUIPA,964058,233580
2020,GOBIERNOS LOCALES,ADAPTACION Y MITIGACION,AYACUCHO,6366559,4763080
2020,GOBIERNOS LOCALES,ADAPTACION Y MITIGACION,CAJAMARCA,803501,483383
2020,GOBIERNOS LOCALES,ADAPTACION Y MITIGACION,CUSCO,17402720,16552127
2020,GOBIERNOS LOCALES,ADAPTACION Y MITIGACION,HUANCAVELICA,537770,329922
2020,GOBIERNOS LOCALES,ADAPTACION Y MITIGACION,HUANUCO,100492,24380
2020,GOBIERNOS LOCALES,ADAPTACION Y MITIGACION,JUNIN,721822,640312
2020,GOBIERNOS LOCALES,ADAPTACION Y MITIGACION,LA LIBERTAD,1025882,806085
2020,GOBIERNOS LOCALES,ADAPTACION Y MITIGACION,LIMA,548140,255334
2020,GOBIERNOS LOCALES,ADAPTACION Y MITIGACION,LORETO,8825,0
2020,GOBIERNOS LOCALES,ADAPTACION Y MITIGACION,MADRE DE DIOS,32967,19000
2020,GOBIERNOS LOCALES,ADAPTACION Y MITIGACION,MOQUEGUA,46264,39732
2020,GOBIERNOS LOCALES,ADAPTACION Y MITIGACION,PASCO,95948,69673
2020,GOBIERNOS LOCALES,ADAPTACION Y MITIGACION,PIURA,1897878,842146
2020,GOBIERNOS LOCALES,ADAPTACION Y MITIGACION,PUNO,156000,155605
2020,GOBIERNOS LOCALES,ADAPTACION Y MITIGACION,SAN MARTIN,92112,92111
2020,GOBIERNOS LOCALES,ADAPTACION Y MITIGACION,TUMBES,30000,0
2020,GOBIERNOS LOCALES,ADAPTACION Y MITIGACION,UCAYALI,1732366,1210382
2020,GOBIERNOS LOCALES,ADAPTACION Y MITIGACION,NACIONAL,39969525,31509287
2020,GOBIERNO NACIONAL,ADAPTACION Y MITIGACION,AMAZONAS,2040006,2029377
2020,GOBIERNO NACIONAL,ADAPTACION Y MITIGACION,CAJAMARCA,109003,106502
2020,GOBIERNO NACIONAL,ADAPTACION Y MITIGACION,HUANCAVELICA,3670941,3670180
2020,GOBIERNO NACIONAL,ADAPTACION Y MITIGACION,HUANUCO,3009704,3005126
2020,GOBIERNO NACIONAL,ADAPTACION Y MITIGACION,LIMA,24500,23127
2020,GOBIERNO NACIONAL,ADAPTACION Y MITIGACION,LORETO,7814847,7814810
2020,GOBIERNO NACIONAL,ADAPTACION Y MITIGACION,NACIONAL,16669001,16649122
2020,GOBIERNO REGIONAL,ADAPTACION Y MITIGACION,AMAZONAS,542695,542692
2020,GOBIERNO REGIONAL,ADAPTACION Y MITIGACION,ANCASH,11518683,3249509
2020,GOBIERNO REGIONAL,ADAPTACION Y MITIGACION,APURIMAC,14547325,14531960
2020,GOBIERNO REGIONAL,ADAPTACION Y MITIGACION,AYACUCHO,1548775,1481569
2020,GOBIERNO REGIONAL,ADAPTACION Y MITIGACION,CAJAMARCA,1433128,1357588
2020,GOBIERNO REGIONAL,ADAPTACION Y MITIGACION,CUSCO,6993889,6934383
2020,GOBIERNO REGIONAL,ADAPTACION Y MITIGACION,HUANCAVELICA,4184325,4080799
2020,GOBIERNO REGIONAL,ADAPTACION Y MITIGACION,HUANUCO,2096620,1984039
2020,GOBIERNO REGIONAL,ADAPTACION Y MITIGACION,ICA,74723,0
2020,GOBIERNO REGIONAL,ADAPTACION Y MITIGACION,LORETO,30152126,23668940
2020,GOBIERNO REGIONAL,ADAPTACION Y MITIGACION,PIURA,2934046,2933897
2020,GOBIERNO REGIONAL,ADAPTACION Y MITIGACION,SAN MARTIN,3117636,3111445
2020,GOBIERNO REGIONAL,ADAPTACION Y MITIGACION,TUMBES,311405,289795
2020,GOBIERNO REGIONAL,ADAPTACION Y MITIGACION,NAICONAL,79455376,64166616
2020,TRES NIVELES DE GOBIERNO,ADAPTACION Y MITIGACION,AMAZONAS,2610841,2597000
2020,TRES NIVELES DE GOBIERNO,ADAPTACION Y MITIGACION,ANCASH,14352424,3916554
2020,TRES NIVELES DE GOBIERNO,ADAPTACION Y MITIGACION,APURIMAC,19091665,18832419
2020,TRES NIVELES DE GOBIERNO,ADAPTACION Y MITIGACION,AREQUIPA,964058,233580
2020,TRES NIVELES DE GOBIERNO,ADAPTACION Y MITIGACION,AYACUCHO,7915334,6244649
2020,TRES NIVELES DE GOBIERNO,ADAPTACION Y MITIGACION,CAJAMARCA,2345632,1947473
2020,TRES NIVELES DE GOBIERNO,ADAPTACION Y MITIGACION,CUSCO,24396609,23486510
2020,TRES NIVELES DE GOBIERNO,ADAPTACION Y MITIGACION,HUANCAVELICA,8393036,8080901
2020,TRES NIVELES DE GOBIERNO,ADAPTACION Y MITIGACION,HUANUCO,5206816,5013545
2020,TRES NIVELES DE GOBIERNO,ADAPTACION Y MITIGACION,ICA,74723,0
2020,TRES NIVELES DE GOBIERNO,ADAPTACION Y MITIGACION,JUNIN,721822,640312
2020,TRES NIVELES DE GOBIERNO,ADAPTACION Y MITIGACION,LA LIBERTAD,1025882,806085
2020,TRES NIVELES DE GOBIERNO,ADAPTACION Y MITIGACION,LIMA,572640,278461
2020,TRES NIVELES DE GOBIERNO,ADAPTACION Y MITIGACION,LORETO,37975798,31483750
2020,TRES NIVELES DE GOBIERNO,ADAPTACION Y MITIGACION,MADRE DE DIOS,32967,19000
2020,TRES NIVELES DE GOBIERNO,ADAPTACION Y MITIGACION,MOQUEGUA,46264,39732
2020,TRES NIVELES DE GOBIERNO,ADAPTACION Y MITIGACION,NACIONAL,56638526,48158409
2020,TRES NIVELES DE GOBIERNO,ADAPTACION Y MITIGACION,NAICONAL,79455376,64166616
2020,TRES NIVELES DE GOBIERNO,ADAPTACION Y MITIGACION,PASCO,95948,69673
2020,TRES NIVELES DE GOBIERNO,ADAPTACION Y MITIGACION,PIURA,4831924,3776043
2020,TRES NIVELES DE GOBIERNO,ADAPTACION Y MITIGACION,PUNO,156000,155605
2020,TRES NIVELES DE GOBIERNO,ADAPTACION Y MITIGACION,SAN MARTIN,3209748,3203556
2020,TRES NIVELES DE GOBIERNO,ADAPTACION Y MITIGACION,TUMBES,341405,289795
2020,TRES NIVELES DE GOBIERNO,ADAPTACION Y MITIGACION,UCAYALI,1732366,1210382
2020,GOBIERNOS LOCALES,ADAPTACION,LAMBAYEQUE,0,0
2020,GOBIERNO NACIONAL,ADAPTACION,LAMBAYEQUE,0,0
2020,TRES NIVELES DE GOBIERNO,ADAPTACION,LAMBAYEQUE,0,0
2020,GOBIERNO REGIONAL,ADAPTACION,LAMBAYEQUE,0,0
