PERIODO,DEPARTAMENTO_META_NOMBRE,TIPO_GOBIERNO_NOMBRE,FUNCION_NOMBRE,MONTO_DEVENGADO,PIMCC
2015,AMAZONAS,GOBIERNO NACIONAL,,0,0
2015,AMAZONAS,GOBIERNOS LOCALES,AMBIENTE,268367,405176
2015,AMAZONAS,GOBIERNOS LOCALES,SANEAMIENTO,290194,654646
2015,AMAZONAS,GOBIERNO REGIONAL,AMBIENTE,2408649,2421334
2015,AMAZONAS,GOBIERNO REGIONAL,SANEAMIENTO,6007963,8533483
2015,AMAZONAS,TRES NIVELES DE GOBIERNO,AMBIENTE,2677016,2826510
2015,AMAZONAS,TRES NIVELES DE GOBIERNO,SANEAMIENTO,6298157,9188129
2015,ANCASH,GOBIERNO NACIONAL,AGRICULTURA,5432688,5475838
2015,ANCASH,GOBIERNOS LOCALES,TURISMO,24891,24891
2015,ANCASH,GOBIERNOS LOCALES,AGROPECUARIA,517143,606964
2015,ANCASH,GOBIERNOS LOCALES,AMBIENTE,2672936,3224087
2015,ANCASH,GOBIERNOS LOCALES,SANEAMIENTO,7002058,16745765
2015,ANCASH,GOBIERNO REGIONAL,AMBIENTE,0,2093955
2015,ANCASH,GOBIERNO REGIONAL,SANEAMIENTO,0,3003071
2015,ANCASH,TRES NIVELES DE GOBIERNO,AGRICULTURA,5432688,5475838
2015,ANCASH,TRES NIVELES DE GOBIERNO,TURISMO,24891,24891
2015,ANCASH,TRES NIVELES DE GOBIERNO,AGROPECUARIA,517143,606964
2015,ANCASH,TRES NIVELES DE GOBIERNO,AMBIENTE,2672936,5318042
2015,ANCASH,TRES NIVELES DE GOBIERNO,SANEAMIENTO,7002058,19748836
2015,APURIMAC,GOBIERNO NACIONAL,,0,0
2015,APURIMAC,GOBIERNOS LOCALES,AGROPECUARIA,118969,161993
2015,APURIMAC,GOBIERNOS LOCALES,AMBIENTE,598849,638202
2015,APURIMAC,GOBIERNOS LOCALES,SANEAMIENTO,1879136,10607107
2015,APURIMAC,GOBIERNO REGIONAL,AMBIENTE,41284318,41733228
2015,APURIMAC,GOBIERNO REGIONAL,SANEAMIENTO,23161044,23243984
2015,APURIMAC,TRES NIVELES DE GOBIERNO,SANEAMIENTO,25040180,33851091
2015,APURIMAC,TRES NIVELES DE GOBIERNO,AMBIENTE,41883167,42371430
2015,APURIMAC,TRES NIVELES DE GOBIERNO,AGROPECUARIA,118969,161993
2015,AREQUIPA,GOBIERNO NACIONAL,,0,0
2015,AREQUIPA,GOBIERNOS LOCALES,ORDEN PUBLICO Y SEGURIDAD,462690,467103
2015,AREQUIPA,GOBIERNOS LOCALES,AGROPECUARIA,0,16866
2015,AREQUIPA,GOBIERNOS LOCALES,ENERGIA,50506,63614
2015,AREQUIPA,GOBIERNOS LOCALES,AMBIENTE,257003,891410
2015,AREQUIPA,GOBIERNOS LOCALES,SANEAMIENTO,3688093,15614814
2015,AREQUIPA,GOBIERNO REGIONAL,,,
2015,AREQUIPA,TRES NIVELES DE GOBIERNO,ORDEN PUBLICO Y SEGURIDAD,462690,467103
2015,AREQUIPA,TRES NIVELES DE GOBIERNO,AGROPECUARIA,0,16866
2015,AREQUIPA,TRES NIVELES DE GOBIERNO,ENERGIA,50506,63614
2015,AREQUIPA,TRES NIVELES DE GOBIERNO,AMBIENTE,257003,891410
2015,AREQUIPA,TRES NIVELES DE GOBIERNO,SANEAMIENTO,3688093,15614814
2015,AYACUCHO,GOBIERNO NACIONAL,,0,0
2015,AYACUCHO,GOBIERNOS LOCALES,TRABAJO,89821,215290
2015,AYACUCHO,GOBIERNOS LOCALES,AGROPECUARIA,88972,422294
2015,AYACUCHO,GOBIERNOS LOCALES,AMBIENTE,2520071,2686539
2015,AYACUCHO,GOBIERNOS LOCALES,SANEAMIENTO,11759119,20215637
2015,AYACUCHO,GOBIERNO REGIONAL,AGROPECUARIA,1244526,1260635
2015,AYACUCHO,GOBIERNO REGIONAL,SANEAMIENTO,3251003,3983449
2015,AYACUCHO,TRES NIVELES DE GOBIERNO,TRABAJO,89821,215290
2015,AYACUCHO,TRES NIVELES DE GOBIERNO,AGROPECUARIA,1333498,1682929
2015,AYACUCHO,TRES NIVELES DE GOBIERNO,AMBIENTE,2520071,2686539
2015,AYACUCHO,TRES NIVELES DE GOBIERNO,SANEAMIENTO,15010122,24199086
2015,CAJAMARCA,GOBIERNO NACIONAL,AGRICULTURA,1645666,1697921
2015,CAJAMARCA,GOBIERNOS LOCALES,TRABAJO,165596,165621
2015,CAJAMARCA,GOBIERNOS LOCALES,AGROPECUARIA,980817,1641911
2015,CAJAMARCA,GOBIERNOS LOCALES,ENERGIA,814817,911200
2015,CAJAMARCA,GOBIERNOS LOCALES,AMBIENTE,615013,646588
2015,CAJAMARCA,GOBIERNOS LOCALES,SANEAMIENTO,13446816,39471496
2015,CAJAMARCA,GOBIERNO REGIONAL,AGROPECUARIA,1187254,1563309
2015,CAJAMARCA,GOBIERNO REGIONAL,ENERGIA,568437,582089
2015,CAJAMARCA,GOBIERNO REGIONAL,AMBIENTE,491636,605683
2015,CAJAMARCA,TRES NIVELES DE GOBIERNO,AGRICULTURA,1645666,1697921
2015,CAJAMARCA,TRES NIVELES DE GOBIERNO,TRABAJO,165596,165621
2015,CAJAMARCA,TRES NIVELES DE GOBIERNO,AGROPECUARIA,2168071,3205220
2015,CAJAMARCA,TRES NIVELES DE GOBIERNO,ENERGIA,1383254,1493289
2015,CAJAMARCA,TRES NIVELES DE GOBIERNO,AMBIENTE,1106649,1252271
2015,CAJAMARCA,TRES NIVELES DE GOBIERNO,SANEAMIENTO,13446816,39471496
2015,CUSCO,GOBIERNO NACIONAL,SANEAMIENTO,603397,603398
2015,CUSCO,GOBIERNOS LOCALES,"PLANEAMIENTO, GESTION Y RESERVA DE CONTINGENCIA",27349,27519
2015,CUSCO,GOBIERNOS LOCALES,ORDEN PUBLICO Y SEGURIDAD,27232,38077
2015,CUSCO,GOBIERNOS LOCALES,AGROPECUARIA,1637418,1660496
2015,CUSCO,GOBIERNOS LOCALES,ENERGIA,242534,248270
2015,CUSCO,GOBIERNOS LOCALES,AMBIENTE,32909284,34485528
2015,CUSCO,GOBIERNOS LOCALES,SANEAMIENTO,13611480,19408371
2015,CUSCO,GOBIERNO REGIONAL,AGROPECUARIA,3592200,3628575
2015,CUSCO,GOBIERNO REGIONAL,AMBIENTE,2055061,2073897
2015,CUSCO,GOBIERNO REGIONAL,SANEAMIENTO,190765,190766
2015,CUSCO,TRES NIVELES DE GOBIERNO,"PLANEAMIENTO, GESTION Y RESERVA DE CONTINGENCIA",27349,27519
2015,CUSCO,TRES NIVELES DE GOBIERNO,ORDEN PUBLICO Y SEGURIDAD,27232,38077
2015,CUSCO,TRES NIVELES DE GOBIERNO,AGROPECUARIA,5229618,5289071
2015,CUSCO,TRES NIVELES DE GOBIERNO,ENERGIA,242534,248270
2015,CUSCO,TRES NIVELES DE GOBIERNO,AMBIENTE,34964345,36559425
2015,CUSCO,TRES NIVELES DE GOBIERNO,SANEAMIENTO,13802245,19599137
2015,HUANCAVELICA,GOBIERNO NACIONAL,,0,0
2015,HUANCAVELICA,GOBIERNOS LOCALES,ORDEN PUBLICO Y SEGURIDAD,285062,318380
2015,HUANCAVELICA,GOBIERNOS LOCALES,AMBIENTE,1189342,1236336
2015,HUANCAVELICA,GOBIERNOS LOCALES,SANEAMIENTO,956136,1209508
2015,HUANCAVELICA,GOBIERNOS LOCALES,VIVIENDA Y DESARROLLO URBANO,27919,28000
2015,HUANCAVELICA,GOBIERNO REGIONAL,SANEAMIENTO,2554513,2579300
2015,HUANCAVELICA,GOBIERNO REGIONAL,AMBIENTE,3649755,3726382
2015,HUANCAVELICA,TRES NIVELES DE GOBIERNO,ORDEN PUBLICO Y SEGURIDAD,285062,318380
2015,HUANCAVELICA,TRES NIVELES DE GOBIERNO,AMBIENTE,4839097,4962718
2015,HUANCAVELICA,TRES NIVELES DE GOBIERNO,SANEAMIENTO,3510649,3788808
2015,HUANCAVELICA,TRES NIVELES DE GOBIERNO,VIVIENDA Y DESARROLLO URBANO,27919,28000
2015,HUANUCO,GOBIERNO NACIONAL,AGRICULTURA,4079349,4102962
2015,HUANUCO,GOBIERNOS LOCALES,AGROPECUARIA,185327,211454
2015,HUANUCO,GOBIERNOS LOCALES,AMBIENTE,4958147,5001097
2015,HUANUCO,GOBIERNOS LOCALES,SANEAMIENTO,2430049,5112078
2015,HUANUCO,GOBIERNO REGIONAL,AMBIENTE,8007174,8010589
2015,HUANUCO,TRES NIVELES DE GOBIERNO,AGRICULTURA,4079349,4102962
2015,HUANUCO,TRES NIVELES DE GOBIERNO,AGROPECUARIA,185327,211454
2015,HUANUCO,TRES NIVELES DE GOBIERNO,AMBIENTE,12965321,13011686
2015,HUANUCO,TRES NIVELES DE GOBIERNO,SANEAMIENTO,2430049,5112078
2015,ICA,GOBIERNO NACIONAL,,0,0
2015,ICA,GOBIERNOS LOCALES,"PLANEAMIENTO, GESTION Y RESERVA DE CONTINGENCIA",24430,46530
2015,ICA,GOBIERNOS LOCALES,AMBIENTE,1282743,1684261
2015,ICA,GOBIERNOS LOCALES,SANEAMIENTO,7213002,13691305
2015,ICA,GOBIERNO REGIONAL,,,
2015,ICA,TRES NIVELES DE GOBIERNO,"PLANEAMIENTO, GESTION Y RESERVA DE CONTINGENCIA",24430,46530
2015,ICA,TRES NIVELES DE GOBIERNO,AMBIENTE,1282743,1684261
2015,ICA,TRES NIVELES DE GOBIERNO,SANEAMIENTO,7213002,13691305
2015,JUNIN,GOBIERNO NACIONAL,,0,0
2015,JUNIN,GOBIERNOS LOCALES,AGROPECUARIA,7616,9589
2015,JUNIN,GOBIERNOS LOCALES,AMBIENTE,87347,161131
2015,JUNIN,GOBIERNOS LOCALES,SANEAMIENTO,3600184,17135086
2015,JUNIN,GOBIERNOS LOCALES,PROTECCION SOCIAL,1650,1783
2015,JUNIN,GOBIERNO REGIONAL,ENERGIA,357381,407577
2015,JUNIN,TRES NIVELES DE GOBIERNO,AGROPECUARIA,7616,9589
2015,JUNIN,TRES NIVELES DE GOBIERNO,AMBIENTE,87347,161131
2015,JUNIN,TRES NIVELES DE GOBIERNO,SANEAMIENTO,3600184,17135086
2015,JUNIN,TRES NIVELES DE GOBIERNO,PROTECCION SOCIAL,1650,1783
2015,JUNIN,TRES NIVELES DE GOBIERNO,ENERGIA,,
2015,LA LIBERTAD,GOBIERNO NACIONAL,,0,0
2015,LA LIBERTAD,GOBIERNOS LOCALES,AGROPECUARIA,0,207434
2015,LA LIBERTAD,GOBIERNOS LOCALES,ENERGIA,36650,36650
2015,LA LIBERTAD,GOBIERNOS LOCALES,AMBIENTE,1845474,2576127
2015,LA LIBERTAD,GOBIERNOS LOCALES,SANEAMIENTO,1349277,2385635
2015,LA LIBERTAD,GOBIERNO REGIONAL,,,
2015,LA LIBERTAD,TRES NIVELES DE GOBIERNO,AGROPECUARIA,0,207434
2015,LA LIBERTAD,TRES NIVELES DE GOBIERNO,ENERGIA,36650,36650
2015,LA LIBERTAD,TRES NIVELES DE GOBIERNO,AMBIENTE,1845474,2576127
2015,LA LIBERTAD,TRES NIVELES DE GOBIERNO,SANEAMIENTO,1349277,2385635
2015,LAMBAYEQUE,GOBIERNO NACIONAL,,0,0
2015,LAMBAYEQUE,GOBIERNOS LOCALES,TRABAJO,140601,141047
2015,LAMBAYEQUE,GOBIERNOS LOCALES,SANEAMIENTO,9705561,11148572
2015,LAMBAYEQUE,GOBIERNO REGIONAL,,,
2015,LAMBAYEQUE,TRES NIVELES DE GOBIERNO,TRABAJO,140601,141047
2015,LAMBAYEQUE,TRES NIVELES DE GOBIERNO,SANEAMIENTO,9705561,11148572
2015,LIMA,GOBIERNO NACIONAL,EDUCACION,3345096,3345096
2015,LIMA,GOBIERNOS LOCALES,"PLANEAMIENTO, GESTION Y RESERVA DE CONTINGENCIA",1881,13271
2015,LIMA,GOBIERNOS LOCALES,AGROPECUARIA,4697,5000
2015,LIMA,GOBIERNOS LOCALES,ENERGIA,0,60000
2015,LIMA,GOBIERNOS LOCALES,AMBIENTE,876503,1929674
2015,LIMA,GOBIERNOS LOCALES,SANEAMIENTO,9809609,10557214
2015,LIMA,GOBIERNO REGIONAL,SANEAMIENTO,470927,470971
2015,LIMA,TRES NIVELES DE GOBIERNO,EDUCACION,3345096,3345096
2015,LIMA,TRES NIVELES DE GOBIERNO,"PLANEAMIENTO, GESTION Y RESERVA DE CONTINGENCIA",1881,13271
2015,LIMA,TRES NIVELES DE GOBIERNO,AGROPECUARIA,4697,5000
2015,LIMA,TRES NIVELES DE GOBIERNO,ENERGIA,0,60000
2015,LIMA,TRES NIVELES DE GOBIERNO,AMBIENTE,876503,1929674
2015,LIMA,TRES NIVELES DE GOBIERNO,SANEAMIENTO,10280536,11028185
2015,LORETO,GOBIERNO NACIONAL,,0,0
2015,LORETO,GOBIERNOS LOCALES,ENERGIA,40800,51000
2015,LORETO,GOBIERNOS LOCALES,AMBIENTE,519281,582407
2015,LORETO,GOBIERNOS LOCALES,SANEAMIENTO,2381691,3630928
2015,LORETO,GOBIERNO REGIONAL,SANEAMIENTO,,2213019
2015,LORETO,TRES NIVELES DE GOBIERNO,ENERGIA,40800,51000
2015,LORETO,TRES NIVELES DE GOBIERNO,AMBIENTE,519281,582407
2015,LORETO,TRES NIVELES DE GOBIERNO,SANEAMIENTO,2381691,5843947
2015,MADRE DE DIOS,GOBIERNO NACIONAL,,0,0
2015,MADRE DE DIOS,GOBIERNOS LOCALES,AGROPECUARIA,14855,14856
2015,MADRE DE DIOS,GOBIERNOS LOCALES,AMBIENTE,4800,10000
2015,MADRE DE DIOS,GOBIERNO REGIONAL,AGROPECUARIA,2507078,2603222
2015,MADRE DE DIOS,GOBIERNO REGIONAL,AMBIENTE,36922,3539305
2015,MADRE DE DIOS,TRES NIVELES DE GOBIERNO,AGROPECUARIA,2521933,2618078
2015,MADRE DE DIOS,TRES NIVELES DE GOBIERNO,AMBIENTE,41722,3549305
2015,MOQUEGUA,GOBIERNO NACIONAL,,0,0
2015,MOQUEGUA,GOBIERNOS LOCALES,AGROPECUARIA,280151,491177
2015,MOQUEGUA,GOBIERNOS LOCALES,AMBIENTE,188950,335450
2015,MOQUEGUA,GOBIERNOS LOCALES,SANEAMIENTO,893019,1271529
2015,MOQUEGUA,GOBIERNO REGIONAL,SANEAMIENTO,208426,241462
2015,MOQUEGUA,TRES NIVELES DE GOBIERNO,AGROPECUARIA,280151,491177
2015,MOQUEGUA,TRES NIVELES DE GOBIERNO,AMBIENTE,188950,335450
2015,MOQUEGUA,TRES NIVELES DE GOBIERNO,SANEAMIENTO,1101445,1512991
2015,NACIONAL,GOBIERNO NACIONAL,AGRICULTURA,11204903,11323921
2015,NACIONAL,GOBIERNO NACIONAL,SANEAMIENTO,603397,603398
2015,NACIONAL,GOBIERNO NACIONAL,EDUCACION,3345096,3345096
2015,NACIONAL,GOBIERNOS LOCALES,AGROPECUARIA,4197732,6056387
2015,NACIONAL,GOBIERNOS LOCALES,AMBIENTE,55364558,62055967
2015,NACIONAL,GOBIERNOS LOCALES,EDUCACION,7992905,7992905
2015,NACIONAL,GOBIERNOS LOCALES,ENERGIA,1384344,1721414
2015,NACIONAL,GOBIERNOS LOCALES,ORDEN PUBLICO Y SEGURIDAD,948400,1183023
2015,NACIONAL,GOBIERNOS LOCALES,"PLANEAMIENTO, GESTION Y RESERVA DE CONTINGENCIA",53660,87320
2015,NACIONAL,GOBIERNOS LOCALES,PROTECCION SOCIAL,1650,1783
2015,NACIONAL,GOBIERNOS LOCALES,SANEAMIENTO,107735364,216584611
2015,NACIONAL,GOBIERNOS LOCALES,TRABAJO,140601,141047
2015,NACIONAL,GOBIERNOS LOCALES,TURISMO,24891,24891
2015,NACIONAL,GOBIERNOS LOCALES,VIVIENDA Y DESARROLLO URBANO,27919,28000
2015,NACIONAL,GOBIERNO REGIONAL,AGROPECUARIA,8619694,9167221
2015,NACIONAL,GOBIERNO REGIONAL,AMBIENTE,62654840,69315073
2015,NACIONAL,GOBIERNO REGIONAL,ENERGIA,925818,989666
2015,NACIONAL,GOBIERNO REGIONAL,SANEAMIENTO,44715742,54260382
2015,NACIONAL,TRES NIVELES DE GOBIERNO,AGRICULTURA,11204903,11323921
2015,NACIONAL,TRES NIVELES DE GOBIERNO,SANEAMIENTO,153054503,271448391
2015,NACIONAL,TRES NIVELES DE GOBIERNO,EDUCACION,11338001,11338001
2015,NACIONAL,TRES NIVELES DE GOBIERNO,AGROPECUARIA,12817426,15223608
2015,NACIONAL,TRES NIVELES DE GOBIERNO,AMBIENTE,118019398,131371040
2015,NACIONAL,TRES NIVELES DE GOBIERNO,ENERGIA,2310162,2711080
2015,NACIONAL,TRES NIVELES DE GOBIERNO,ORDEN PUBLICO Y SEGURIDAD,948400,1183023
2015,NACIONAL,TRES NIVELES DE GOBIERNO,"PLANEAMIENTO, GESTION Y RESERVA DE CONTINGENCIA",53660,87320
2015,NACIONAL,TRES NIVELES DE GOBIERNO,PROTECCION SOCIAL,1650,1783
2015,NACIONAL,TRES NIVELES DE GOBIERNO,TRABAJO,140601,141047
2015,NACIONAL,TRES NIVELES DE GOBIERNO,TURISMO,24891,24891
2015,NACIONAL,TRES NIVELES DE GOBIERNO,VIVIENDA Y DESARROLLO URBANO,27919,28000
2015,PASCO,GOBIERNO NACIONAL,,0,0
2015,PASCO,GOBIERNOS LOCALES,AMBIENTE,1471027,2095284
2015,PASCO,GOBIERNOS LOCALES,SANEAMIENTO,6914474,8320553
2015,PASCO,GOBIERNO REGIONAL,AMBIENTE,667753,778881
2015,PASCO,GOBIERNO REGIONAL,SANEAMIENTO,8416812,8439747
2015,PASCO,TRES NIVELES DE GOBIERNO,AMBIENTE,2138780,2874165
2015,PASCO,TRES NIVELES DE GOBIERNO,SANEAMIENTO,15331286,16760300
2015,PIURA,GOBIERNO NACIONAL,AGRICULTURA,47200,47200
2015,PIURA,GOBIERNOS LOCALES,AGROPECUARIA,38696,60000
2015,PIURA,GOBIERNOS LOCALES,AMBIENTE,325721,373735
2015,PIURA,GOBIERNOS LOCALES,SANEAMIENTO,3741490,8832627
2015,PIURA,GOBIERNO REGIONAL,AGROPECUARIA,88636,111480
2015,PIURA,GOBIERNO REGIONAL,SANEAMIENTO,0,51597
2015,PIURA,TRES NIVELES DE GOBIERNO,AGRICULTURA,47200,47200
2015,PIURA,TRES NIVELES DE GOBIERNO,AGROPECUARIA,127332,171480
2015,PIURA,TRES NIVELES DE GOBIERNO,AMBIENTE,325721,373735
2015,PIURA,TRES NIVELES DE GOBIERNO,SANEAMIENTO,3741490,8884224
2015,CALLAO,GOBIERNO NACIONAL,,0,0
2015,CALLAO,GOBIERNOS LOCALES,,,
2015,CALLAO,GOBIERNO REGIONAL,,,
2015,CALLAO,TRES NIVELES DE GOBIERNO,,,
2015,PUNO,GOBIERNO NACIONAL,,0,0
2015,PUNO,GOBIERNOS LOCALES,AGROPECUARIA,91323,309000
2015,PUNO,GOBIERNOS LOCALES,ENERGIA,199037,350680
2015,PUNO,GOBIERNOS LOCALES,AMBIENTE,114022,249824
2015,PUNO,GOBIERNOS LOCALES,SANEAMIENTO,1798490,4774211
2015,PUNO,GOBIERNO REGIONAL,AMBIENTE,2276603,2276606
2015,PUNO,TRES NIVELES DE GOBIERNO,AGROPECUARIA,91323,309000
2015,PUNO,TRES NIVELES DE GOBIERNO,ENERGIA,199037,350680
2015,PUNO,TRES NIVELES DE GOBIERNO,AMBIENTE,2390625,2526430
2015,PUNO,TRES NIVELES DE GOBIERNO,SANEAMIENTO,1798490,4774211
2015,SAN MARTIN,GOBIERNO NACIONAL,,0,0
2015,SAN MARTIN,GOBIERNOS LOCALES,AGROPECUARIA,28148,33753
2015,SAN MARTIN,GOBIERNOS LOCALES,AMBIENTE,2186006,2249781
2015,SAN MARTIN,GOBIERNOS LOCALES,SANEAMIENTO,537797,848072
2015,SAN MARTIN,GOBIERNOS LOCALES,EDUCACION,7992905,7992905
2015,SAN MARTIN,GOBIERNO REGIONAL,AMBIENTE,1776969,2055213
2015,SAN MARTIN,GOBIERNO REGIONAL,SANEAMIENTO,160872,979911
2015,SAN MARTIN,TRES NIVELES DE GOBIERNO,AGROPECUARIA,28148,33753
2015,SAN MARTIN,TRES NIVELES DE GOBIERNO,AMBIENTE,3962975,4304994
2015,SAN MARTIN,TRES NIVELES DE GOBIERNO,SANEAMIENTO,698669,1827983
2015,SAN MARTIN,TRES NIVELES DE GOBIERNO,EDUCACION,7992905,7992905
2015,TACNA,GOBIERNO NACIONAL,,0,0
2015,TACNA,GOBIERNOS LOCALES,ORDEN PUBLICO Y SEGURIDAD,148382,158071
2015,TACNA,GOBIERNOS LOCALES,AMBIENTE,468447,492386
2015,TACNA,GOBIERNOS LOCALES,SANEAMIENTO,4346828,4568595
2015,TACNA,GOBIERNO REGIONAL,,,
2015,TACNA,TRES NIVELES DE GOBIERNO,ORDEN PUBLICO Y SEGURIDAD,148382,158071
2015,TACNA,TRES NIVELES DE GOBIERNO,AMBIENTE,468447,492386
2015,TACNA,TRES NIVELES DE GOBIERNO,SANEAMIENTO,4346828,4568595
2015,TUMBES,GOBIERNO NACIONAL,,0,0
2015,TUMBES,GOBIERNOS LOCALES,AGROPECUARIA,203600,203600
2015,TUMBES,GOBIERNOS LOCALES,AMBIENTE,5225,100944
2015,TUMBES,GOBIERNOS LOCALES,SANEAMIENTO,380861,380862
2015,TUMBES,GOBIERNO REGIONAL,SANEAMIENTO,293417,329622
2015,TUMBES,TRES NIVELES DE GOBIERNO,AGROPECUARIA,203600,203600
2015,TUMBES,TRES NIVELES DE GOBIERNO,AMBIENTE,5225,100944
2015,TUMBES,TRES NIVELES DE GOBIERNO,SANEAMIENTO,674278,710484
2015,UCAYALI,GOBIERNO NACIONAL,,0,0
2015,UCAYALI,GOBIERNOS LOCALES,ORDEN PUBLICO Y SEGURIDAD,25034,201392
2015,UCAYALI,GOBIERNO REGIONAL,,,
2015,UCAYALI,TRES NIVELES DE GOBIERNO,ORDEN PUBLICO Y SEGURIDAD,25034,201392
2016,JUNIN,GOBIERNOS LOCALES,"PLANEAMIENTO, GESTION Y RESERVA DE CONTINGENCIA",9500,13500
2016,JUNIN,GOBIERNOS LOCALES,AGROPECUARIA,60768,138854
2016,JUNIN,GOBIERNOS LOCALES,ENERGIA,56375,60376
2016,JUNIN,GOBIERNOS LOCALES,TRANSPORTE,501645,501645
2016,JUNIN,GOBIERNOS LOCALES,AMBIENTE,41232,106027
2016,JUNIN,GOBIERNOS LOCALES,SANEAMIENTO,24825687,43434382
2016,CUSCO,GOBIERNOS LOCALES,TRABAJO,972887,1092177
2016,CUSCO,GOBIERNOS LOCALES,AGROPECUARIA,4747669,4827857
2016,CUSCO,GOBIERNOS LOCALES,ENERGIA,127371,128571
2016,CUSCO,GOBIERNOS LOCALES,AMBIENTE,24938154,26085627
2016,CUSCO,GOBIERNOS LOCALES,SANEAMIENTO,15493548,21031652
2016,LAMBAYEQUE,GOBIERNOS LOCALES,AMBIENTE,0,80000
2016,LAMBAYEQUE,GOBIERNOS LOCALES,SANEAMIENTO,5904945,22273797
2016,PASCO,GOBIERNOS LOCALES,AMBIENTE,1230388,2037899
2016,PASCO,GOBIERNOS LOCALES,SANEAMIENTO,3586517,4943163
2016,MADRE DE DIOS,GOBIERNOS LOCALES,SANEAMIENTO,1473712,8029268
2016,AYACUCHO,GOBIERNOS LOCALES,TRABAJO,542751,565156
2016,AYACUCHO,GOBIERNOS LOCALES,AGROPECUARIA,216169,347798
2016,AYACUCHO,GOBIERNOS LOCALES,AMBIENTE,5473085,5682382
2016,AYACUCHO,GOBIERNOS LOCALES,SANEAMIENTO,28607351,37972960
2016,ICA,GOBIERNOS LOCALES,"PLANEAMIENTO, GESTION Y RESERVA DE CONTINGENCIA",0,14937
2016,ICA,GOBIERNOS LOCALES,AMBIENTE,542565,547012
2016,ICA,GOBIERNOS LOCALES,SANEAMIENTO,9270592,13799891
2016,ANCASH,GOBIERNOS LOCALES,AGROPECUARIA,262531,402053
2016,ANCASH,GOBIERNOS LOCALES,AMBIENTE,3487599,3558136
2016,ANCASH,GOBIERNOS LOCALES,SANEAMIENTO,15160497,27331781
2016,HUANUCO,GOBIERNOS LOCALES,AGROPECUARIA,129901,177323
2016,HUANUCO,GOBIERNOS LOCALES,AMBIENTE,2768624,3240121
2016,HUANUCO,GOBIERNOS LOCALES,SANEAMIENTO,11039249,15657503
2016,UCAYALI,GOBIERNOS LOCALES,ORDEN PUBLICO Y SEGURIDAD,141343,176358
2016,UCAYALI,GOBIERNOS LOCALES,AMBIENTE,0,13594
2016,UCAYALI,GOBIERNOS LOCALES,SANEAMIENTO,513011,922343
2016,TACNA,GOBIERNOS LOCALES,SANEAMIENTO,4219473,4297082
2016,PUNO,GOBIERNOS LOCALES,AGROPECUARIA,1269996,1278526
2016,PUNO,GOBIERNOS LOCALES,ENERGIA,257710,472306
2016,PUNO,GOBIERNOS LOCALES,AMBIENTE,337219,392902
2016,PUNO,GOBIERNOS LOCALES,SANEAMIENTO,4516315,10746490
2016,LA LIBERTAD,GOBIERNOS LOCALES,AGROPECUARIA,419213,513019
2016,LA LIBERTAD,GOBIERNOS LOCALES,ENERGIA,384323,433719
2016,LA LIBERTAD,GOBIERNOS LOCALES,AMBIENTE,2232105,2410435
2016,LA LIBERTAD,GOBIERNOS LOCALES,SANEAMIENTO,10940181,13285132
2016,SAN MARTIN,GOBIERNOS LOCALES,ORDEN PUBLICO Y SEGURIDAD,328760,346562
2016,SAN MARTIN,GOBIERNOS LOCALES,AMBIENTE,111103,236947
2016,SAN MARTIN,GOBIERNOS LOCALES,SANEAMIENTO,4176066,8417159
2016,APURIMAC,GOBIERNOS LOCALES,AGROPECUARIA,34232,41647
2016,APURIMAC,GOBIERNOS LOCALES,AMBIENTE,704984,836354
2016,APURIMAC,GOBIERNOS LOCALES,SANEAMIENTO,17941936,31245470
2016,CAJAMARCA,GOBIERNOS LOCALES,TRABAJO,0,24
2016,CAJAMARCA,GOBIERNOS LOCALES,AGROPECUARIA,1168691,1493001
2016,CAJAMARCA,GOBIERNOS LOCALES,ENERGIA,254251,390477
2016,CAJAMARCA,GOBIERNOS LOCALES,AMBIENTE,298933,829301
2016,CAJAMARCA,GOBIERNOS LOCALES,SANEAMIENTO,46734357,60716096
2016,MOQUEGUA,GOBIERNOS LOCALES,AGROPECUARIA,475085,524594
2016,MOQUEGUA,GOBIERNOS LOCALES,AMBIENTE,741979,882010
2016,MOQUEGUA,GOBIERNOS LOCALES,SANEAMIENTO,3469977,7349545
2016,HUANCAVELICA,GOBIERNOS LOCALES,ORDEN PUBLICO Y SEGURIDAD,234917,239335
2016,HUANCAVELICA,GOBIERNOS LOCALES,AGROPECUARIA,59098,60258
2016,HUANCAVELICA,GOBIERNOS LOCALES,AMBIENTE,681922,854308
2016,HUANCAVELICA,GOBIERNOS LOCALES,SANEAMIENTO,4755363,10815103
2016,HUANCAVELICA,GOBIERNOS LOCALES,SALUD,0,50000
2016,LIMA,GOBIERNOS LOCALES,"PLANEAMIENTO, GESTION Y RESERVA DE CONTINGENCIA",7000,7000
2016,LIMA,GOBIERNOS LOCALES,ORDEN PUBLICO Y SEGURIDAD,49580,49580
2016,LIMA,GOBIERNOS LOCALES,AGROPECUARIA,960,960
2016,LIMA,GOBIERNOS LOCALES,AMBIENTE,1218897,1275761
2016,LIMA,GOBIERNOS LOCALES,SANEAMIENTO,4630364,10079465
2016,LORETO,GOBIERNOS LOCALES,AGROPECUARIA,0,0
2016,LORETO,GOBIERNOS LOCALES,AMBIENTE,389410,444308
2016,LORETO,GOBIERNOS LOCALES,SANEAMIENTO,9288056,10211727
2016,PIURA,GOBIERNOS LOCALES,ORDEN PUBLICO Y SEGURIDAD,119439,119618
2016,PIURA,GOBIERNOS LOCALES,AGROPECUARIA,234783,294975
2016,PIURA,GOBIERNOS LOCALES,AMBIENTE,275708,368807
2016,PIURA,GOBIERNOS LOCALES,SANEAMIENTO,16489725,20626666
2016,AREQUIPA,GOBIERNOS LOCALES,ORDEN PUBLICO Y SEGURIDAD,2920,253115
2016,AREQUIPA,GOBIERNOS LOCALES,AGROPECUARIA,0,2000
2016,AREQUIPA,GOBIERNOS LOCALES,ENERGIA,12389,12400
2016,AREQUIPA,GOBIERNOS LOCALES,AMBIENTE,35120,36370
2016,AREQUIPA,GOBIERNOS LOCALES,SANEAMIENTO,8630623,20961193
2016,AMAZONAS,GOBIERNOS LOCALES,ENERGIA,39040,78170
2016,AMAZONAS,GOBIERNOS LOCALES,AMBIENTE,129820,279821
2016,AMAZONAS,GOBIERNOS LOCALES,SANEAMIENTO,2706164,3591040
2016,NACIONAL,GOBIERNOS LOCALES,AGROPECUARIA,9174096,10203584
2016,NACIONAL,GOBIERNOS LOCALES,AMBIENTE,45932689,50493584
2016,NACIONAL,GOBIERNOS LOCALES,ENERGIA,1131459,1576019
2016,NACIONAL,GOBIERNOS LOCALES,ORDEN PUBLICO Y SEGURIDAD,876959,1184568
2016,NACIONAL,GOBIERNOS LOCALES,"PLANEAMIENTO, GESTION Y RESERVA DE CONTINGENCIA",16500,35437
2016,NACIONAL,GOBIERNOS LOCALES,SALUD,0,50000
2016,NACIONAL,GOBIERNOS LOCALES,SANEAMIENTO,254590470,409493136
2016,NACIONAL,GOBIERNOS LOCALES,TRABAJO,1515638,1657357
2016,NACIONAL,GOBIERNOS LOCALES,TRANSPORTE,501645,501645
2016,SAN MARTIN,GOBIERNO NACIONAL,AGROPECUARIA,1499069,1500000
2016,ANCASH,GOBIERNO NACIONAL,AGROPECUARIA,4930559,5358697
2016,AMAZONAS,GOBIERNO NACIONAL,AGROPECUARIA,5919,19110
2016,CUSCO,GOBIERNO NACIONAL,SANEAMIENTO,10277,10277
2016,LIMA,GOBIERNO NACIONAL,EDUCACION,1601710,3203646
2016,LORETO,GOBIERNO NACIONAL,AGROPECUARIA,0,199374
2016,CAJAMARCA,GOBIERNO NACIONAL,AGROPECUARIA,398694,398700
2016,NACIONAL,GOBIERNO NACIONAL,AGROPECUARIA,6834241,7475881
2016,NACIONAL,GOBIERNO NACIONAL,EDUCACION,1601710,3203646
2016,NACIONAL,GOBIERNO NACIONAL,SANEAMIENTO,10277,10277
2016,HUANCAVELICA,GOBIERNO REGIONAL,AMBIENTE,3676466,3846755
2016,TUMBES,GOBIERNO REGIONAL,AMBIENTE,293842,295462
2016,AMAZONAS,GOBIERNO REGIONAL,AMBIENTE,3001743,3279722
2016,AMAZONAS,GOBIERNO REGIONAL,SANEAMIENTO,5091356,5453355
2016,APURIMAC,GOBIERNO REGIONAL,AMBIENTE,20104855,20653334
2016,APURIMAC,GOBIERNO REGIONAL,SANEAMIENTO,18032378,18039113
2016,PASCO,GOBIERNO REGIONAL,SANEAMIENTO,3393034,3556222
2016,PASCO,GOBIERNO REGIONAL,EDUCACION,1854394,1854395
2016,HUANUCO,GOBIERNO REGIONAL,AMBIENTE,6974113,7690861
2016,HUANUCO,GOBIERNO REGIONAL,SANEAMIENTO,21654,21654
2016,AYACUCHO,GOBIERNO REGIONAL,AGROPECUARIA,1555691,1557281
2016,AYACUCHO,GOBIERNO REGIONAL,SANEAMIENTO,4607359,12681715
2016,MADRE DE DIOS,GOBIERNO REGIONAL,AGROPECUARIA,817060,819292
2016,MADRE DE DIOS,GOBIERNO REGIONAL,SANEAMIENTO,117350,120000
2016,ANCASH,GOBIERNO REGIONAL,ORDEN PUBLICO Y SEGURIDAD,478698,3360467
2016,ANCASH,GOBIERNO REGIONAL,SANEAMIENTO,2824606,2967669
2016,SAN MARTIN,GOBIERNO REGIONAL,AMBIENTE,1724684,1968618
2016,SAN MARTIN,GOBIERNO REGIONAL,SANEAMIENTO,0,819037
2016,ICA,GOBIERNO REGIONAL,SANEAMIENTO,307413,420454
2016,LIMA,GOBIERNO REGIONAL,SANEAMIENTO,431424,1244222
2016,CAJAMARCA,GOBIERNO REGIONAL,ENERGIA,298005,317521
2016,CAJAMARCA,GOBIERNO REGIONAL,AMBIENTE,888126,990614
2016,CAJAMARCA,GOBIERNO REGIONAL,SANEAMIENTO,190000,990000
2016,PUNO,GOBIERNO REGIONAL,AMBIENTE,2241699,2300000
2016,CUSCO,GOBIERNO REGIONAL,AGROPECUARIA,2921195,2949076
2016,CUSCO,GOBIERNO REGIONAL,AMBIENTE,2383536,2451073
2016,CUSCO,GOBIERNO REGIONAL,SANEAMIENTO,0,350000
2016,LORETO,GOBIERNO REGIONAL,AMBIENTE,11500,11500
2016,TACNA,GOBIERNO REGIONAL,SANEAMIENTO,0,18000
2016,MOQUEGUA,GOBIERNO REGIONAL,SANEAMIENTO,22500,23734
2016,NACIONAL,GOBIERNO REGIONAL,AGROPECUARIA,5293946,5325649
2016,NACIONAL,GOBIERNO REGIONAL,AMBIENTE,41300564,43487939
2016,NACIONAL,GOBIERNO REGIONAL,EDUCACION,1854394,1854395
2016,NACIONAL,GOBIERNO REGIONAL,ENERGIA,298005,317521
2016,NACIONAL,GOBIERNO REGIONAL,ORDEN PUBLICO Y SEGURIDAD,478698,3360467
2016,NACIONAL,GOBIERNO REGIONAL,SANEAMIENTO,35039074,46705175
2016,AMAZONAS,TRES NIVELES DE GOBIERNO,AGROPECUARIA,5919,19110
2016,AMAZONAS,TRES NIVELES DE GOBIERNO,AMBIENTE,3131563,3559543
2016,AMAZONAS,TRES NIVELES DE GOBIERNO,ENERGIA,39040,78170
2016,AMAZONAS,TRES NIVELES DE GOBIERNO,SANEAMIENTO,7797520,9044395
2016,ANCASH,TRES NIVELES DE GOBIERNO,AGROPECUARIA,5193090,5760750
2016,ANCASH,TRES NIVELES DE GOBIERNO,AMBIENTE,3487599,3558136
2016,ANCASH,TRES NIVELES DE GOBIERNO,ORDEN PUBLICO Y SEGURIDAD,478698,3360467
2016,ANCASH,TRES NIVELES DE GOBIERNO,SANEAMIENTO,17985103,30299450
2016,APURIMAC,TRES NIVELES DE GOBIERNO,AGROPECUARIA,34232,41647
2016,APURIMAC,TRES NIVELES DE GOBIERNO,AMBIENTE,20809839,21489688
2016,APURIMAC,TRES NIVELES DE GOBIERNO,SANEAMIENTO,35974314,49284583
2016,AREQUIPA,TRES NIVELES DE GOBIERNO,AGROPECUARIA,0,2000
2016,AREQUIPA,TRES NIVELES DE GOBIERNO,AMBIENTE,35120,36370
2016,AREQUIPA,TRES NIVELES DE GOBIERNO,ENERGIA,12389,12400
2016,AREQUIPA,TRES NIVELES DE GOBIERNO,ORDEN PUBLICO Y SEGURIDAD,2920,253115
2016,AREQUIPA,TRES NIVELES DE GOBIERNO,SANEAMIENTO,8630623,20961193
2016,AYACUCHO,TRES NIVELES DE GOBIERNO,AGROPECUARIA,1771860,1905079
2016,AYACUCHO,TRES NIVELES DE GOBIERNO,AMBIENTE,5473085,5682382
2016,AYACUCHO,TRES NIVELES DE GOBIERNO,SANEAMIENTO,33214710,50654675
2016,AYACUCHO,TRES NIVELES DE GOBIERNO,TRABAJO,542751,565156
2016,CAJAMARCA,TRES NIVELES DE GOBIERNO,AGROPECUARIA,1567385,1891701
2016,CAJAMARCA,TRES NIVELES DE GOBIERNO,AMBIENTE,1187059,1819915
2016,CAJAMARCA,TRES NIVELES DE GOBIERNO,ENERGIA,552256,707998
2016,CAJAMARCA,TRES NIVELES DE GOBIERNO,SANEAMIENTO,46924357,61706096
2016,CAJAMARCA,TRES NIVELES DE GOBIERNO,TRABAJO,0,24
2016,CUSCO,TRES NIVELES DE GOBIERNO,AGROPECUARIA,7763864,7877652
2016,CUSCO,TRES NIVELES DE GOBIERNO,AMBIENTE,27615532,28832162
2016,CUSCO,TRES NIVELES DE GOBIERNO,ENERGIA,127371,128571
2016,CUSCO,TRES NIVELES DE GOBIERNO,SANEAMIENTO,15720586,23146157
2016,CUSCO,TRES NIVELES DE GOBIERNO,TRABAJO,972887,1092177
2016,HUANCAVELICA,TRES NIVELES DE GOBIERNO,AGROPECUARIA,59098,60258
2016,HUANCAVELICA,TRES NIVELES DE GOBIERNO,AMBIENTE,4358388,4701063
2016,HUANCAVELICA,TRES NIVELES DE GOBIERNO,ORDEN PUBLICO Y SEGURIDAD,234917,239335
2016,HUANCAVELICA,TRES NIVELES DE GOBIERNO,SALUD,0,50000
2016,HUANCAVELICA,TRES NIVELES DE GOBIERNO,SANEAMIENTO,4755363,10815103
2016,HUANUCO,TRES NIVELES DE GOBIERNO,AGROPECUARIA,129901,177323
2016,HUANUCO,TRES NIVELES DE GOBIERNO,AMBIENTE,9742737,10930982
2016,HUANUCO,TRES NIVELES DE GOBIERNO,SANEAMIENTO,11060903,15679157
2016,ICA,TRES NIVELES DE GOBIERNO,AMBIENTE,542565,547012
2016,ICA,TRES NIVELES DE GOBIERNO,"PLANEAMIENTO, GESTION Y RESERVA DE CONTINGENCIA",0,14937
2016,ICA,TRES NIVELES DE GOBIERNO,SANEAMIENTO,9578005,14220345
2016,JUNIN,TRES NIVELES DE GOBIERNO,AGROPECUARIA,60768,138854
2016,JUNIN,TRES NIVELES DE GOBIERNO,AMBIENTE,41232,106027
2016,JUNIN,TRES NIVELES DE GOBIERNO,ENERGIA,56375,60376
2016,JUNIN,TRES NIVELES DE GOBIERNO,"PLANEAMIENTO, GESTION Y RESERVA DE CONTINGENCIA",9500,13500
2016,JUNIN,TRES NIVELES DE GOBIERNO,SANEAMIENTO,24825687,43434382
2016,JUNIN,TRES NIVELES DE GOBIERNO,TRANSPORTE,501645,501645
2016,LA LIBERTAD,TRES NIVELES DE GOBIERNO,AGROPECUARIA,419213,513019
2016,LA LIBERTAD,TRES NIVELES DE GOBIERNO,AMBIENTE,2232105,2410435
2016,LA LIBERTAD,TRES NIVELES DE GOBIERNO,ENERGIA,384323,433719
2016,LA LIBERTAD,TRES NIVELES DE GOBIERNO,SANEAMIENTO,10940181,13285132
2016,LAMBAYEQUE,TRES NIVELES DE GOBIERNO,AMBIENTE,0,80000
2016,LAMBAYEQUE,TRES NIVELES DE GOBIERNO,SANEAMIENTO,5904945,22273797
2016,LIMA,TRES NIVELES DE GOBIERNO,AGROPECUARIA,960,960
2016,LIMA,TRES NIVELES DE GOBIERNO,AMBIENTE,1218897,1275761
2016,LIMA,TRES NIVELES DE GOBIERNO,EDUCACION,1601710,3203646
2016,LIMA,TRES NIVELES DE GOBIERNO,ORDEN PUBLICO Y SEGURIDAD,49580,49580
2016,LIMA,TRES NIVELES DE GOBIERNO,"PLANEAMIENTO, GESTION Y RESERVA DE CONTINGENCIA",7000,7000
2016,LIMA,TRES NIVELES DE GOBIERNO,SANEAMIENTO,5061788,11323687
2016,LORETO,TRES NIVELES DE GOBIERNO,AGROPECUARIA,0,199374
2016,LORETO,TRES NIVELES DE GOBIERNO,AMBIENTE,400910,455808
2016,LORETO,TRES NIVELES DE GOBIERNO,SANEAMIENTO,9288056,10211727
2016,MADRE DE DIOS,TRES NIVELES DE GOBIERNO,AGROPECUARIA,817060,819292
2016,MADRE DE DIOS,TRES NIVELES DE GOBIERNO,SANEAMIENTO,1591062,8149268
2016,MOQUEGUA,TRES NIVELES DE GOBIERNO,AGROPECUARIA,475085,524594
2016,MOQUEGUA,TRES NIVELES DE GOBIERNO,AMBIENTE,741979,882010
2016,MOQUEGUA,TRES NIVELES DE GOBIERNO,SANEAMIENTO,3492477,7373279
2016,NACIONAL,TRES NIVELES DE GOBIERNO,AGROPECUARIA,21302283,23005114
2016,NACIONAL,TRES NIVELES DE GOBIERNO,AMBIENTE,87233253,93981523
2016,NACIONAL,TRES NIVELES DE GOBIERNO,EDUCACION,3456104,5058041
2016,NACIONAL,TRES NIVELES DE GOBIERNO,ENERGIA,1429464,1893540
2016,NACIONAL,TRES NIVELES DE GOBIERNO,ORDEN PUBLICO Y SEGURIDAD,1355657,4545035
2016,NACIONAL,TRES NIVELES DE GOBIERNO,"PLANEAMIENTO, GESTION Y RESERVA DE CONTINGENCIA",16500,35437
2016,NACIONAL,TRES NIVELES DE GOBIERNO,SALUD,0,50000
2016,NACIONAL,TRES NIVELES DE GOBIERNO,SANEAMIENTO,289639821,456208588
2016,NACIONAL,TRES NIVELES DE GOBIERNO,TRABAJO,1515638,1657357
2016,NACIONAL,TRES NIVELES DE GOBIERNO,TRANSPORTE,501645,501645
2016,PASCO,TRES NIVELES DE GOBIERNO,AMBIENTE,1230388,2037899
2016,PASCO,TRES NIVELES DE GOBIERNO,EDUCACION,1854394,1854395
2016,PASCO,TRES NIVELES DE GOBIERNO,SANEAMIENTO,6979551,8499385
2016,PIURA,TRES NIVELES DE GOBIERNO,AGROPECUARIA,234783,294975
2016,PIURA,TRES NIVELES DE GOBIERNO,AMBIENTE,275708,368807
2016,PIURA,TRES NIVELES DE GOBIERNO,ORDEN PUBLICO Y SEGURIDAD,119439,119618
2016,PIURA,TRES NIVELES DE GOBIERNO,SANEAMIENTO,16489725,20626666
2016,PUNO,TRES NIVELES DE GOBIERNO,AGROPECUARIA,1269996,1278526
2016,PUNO,TRES NIVELES DE GOBIERNO,AMBIENTE,2578918,2692902
2016,PUNO,TRES NIVELES DE GOBIERNO,ENERGIA,257710,472306
2016,PUNO,TRES NIVELES DE GOBIERNO,SANEAMIENTO,4516315,10746490
2016,SAN MARTIN,TRES NIVELES DE GOBIERNO,AGROPECUARIA,1499069,1500000
2016,SAN MARTIN,TRES NIVELES DE GOBIERNO,AMBIENTE,1835787,2205565
2016,SAN MARTIN,TRES NIVELES DE GOBIERNO,ORDEN PUBLICO Y SEGURIDAD,328760,346562
2016,SAN MARTIN,TRES NIVELES DE GOBIERNO,SANEAMIENTO,4176066,9236196
2016,TACNA,TRES NIVELES DE GOBIERNO,SANEAMIENTO,4219473,4315082
2016,TUMBES,GOBIERNOS LOCALES,AGROPECUARIA,95000,100719
2016,TUMBES,GOBIERNOS LOCALES,SANEAMIENTO,216761,1754228
2016,TUMBES,TRES NIVELES DE GOBIERNO,SANEAMIENTO,95000,100719
2016,TUMBES,TRES NIVELES DE GOBIERNO,AGROPECUARIA,216761,1754228
2016,TUMBES,TRES NIVELES DE GOBIERNO,AMBIENTE,293842,295462
2016,UCAYALI,TRES NIVELES DE GOBIERNO,AMBIENTE,0,13594
2016,UCAYALI,TRES NIVELES DE GOBIERNO,ORDEN PUBLICO Y SEGURIDAD,141343,176358
2016,UCAYALI,TRES NIVELES DE GOBIERNO,SANEAMIENTO,513011,922343
2017,TUMBES,GOBIERNOS LOCALES,AGROPECUARIA,47855,80404
2017,TUMBES,GOBIERNOS LOCALES,AMBIENTE,237739,240000
2017,TUMBES,GOBIERNOS LOCALES,SANEAMIENTO,1177582,1754393
2017,LA LIBERTAD,GOBIERNOS LOCALES,AGROPECUARIA,434711,454681
2017,LA LIBERTAD,GOBIERNOS LOCALES,AMBIENTE,683648,821440
2017,LA LIBERTAD,GOBIERNOS LOCALES,SANEAMIENTO,22161063,42631160
2017,LORETO,GOBIERNOS LOCALES,AMBIENTE,30000,47719
2017,LORETO,GOBIERNOS LOCALES,SANEAMIENTO,12305554,31636591
2017,APURIMAC,GOBIERNOS LOCALES,AGROPECUARIA,31000,31000
2017,APURIMAC,GOBIERNOS LOCALES,AMBIENTE,808159,1247075
2017,APURIMAC,GOBIERNOS LOCALES,SANEAMIENTO,27252400,42108694
2017,AYACUCHO,GOBIERNOS LOCALES,TRABAJO,0,8000
2017,AYACUCHO,GOBIERNOS LOCALES,AGROPECUARIA,74955,149223
2017,AYACUCHO,GOBIERNOS LOCALES,AMBIENTE,5919827,7062793
2017,AYACUCHO,GOBIERNOS LOCALES,SANEAMIENTO,34338093,49741677
2017,AMAZONAS,GOBIERNOS LOCALES,ENERGIA,89702,89831
2017,AMAZONAS,GOBIERNOS LOCALES,AMBIENTE,161705,173824
2017,AMAZONAS,GOBIERNOS LOCALES,SANEAMIENTO,14066309,14471393
2017,PASCO,GOBIERNOS LOCALES,AGROPECUARIA,466997,1924191
2017,PASCO,GOBIERNOS LOCALES,AMBIENTE,786826,786826
2017,PASCO,GOBIERNOS LOCALES,SANEAMIENTO,8236488,8517651
2017,AREQUIPA,GOBIERNOS LOCALES,ORDEN PUBLICO Y SEGURIDAD,239506,239507
2017,AREQUIPA,GOBIERNOS LOCALES,AGROPECUARIA,226613,255772
2017,AREQUIPA,GOBIERNOS LOCALES,ENERGIA,4260,4260
2017,AREQUIPA,GOBIERNOS LOCALES,AMBIENTE,143552,2693661
2017,AREQUIPA,GOBIERNOS LOCALES,SANEAMIENTO,31871110,45791872
2017,ANCASH,GOBIERNOS LOCALES,"PLANEAMIENTO, GESTION Y RESERVA DE CONTINGENCIA",0,70
2017,ANCASH,GOBIERNOS LOCALES,ORDEN PUBLICO Y SEGURIDAD,20500,391847
2017,ANCASH,GOBIERNOS LOCALES,TURISMO,38090,40000
2017,ANCASH,GOBIERNOS LOCALES,AGROPECUARIA,2150,55830
2017,ANCASH,GOBIERNOS LOCALES,AMBIENTE,979852,3365270
2017,ANCASH,GOBIERNOS LOCALES,SANEAMIENTO,27249131,35205253
2017,PIURA,GOBIERNOS LOCALES,AGROPECUARIA,64215,64216
2017,PIURA,GOBIERNOS LOCALES,AMBIENTE,126841,128432
2017,PIURA,GOBIERNOS LOCALES,SANEAMIENTO,15548296,20548335
2017,PIURA,GOBIERNOS LOCALES,SALUD,202600,202600
2017,ICA,GOBIERNOS LOCALES,"PLANEAMIENTO, GESTION Y RESERVA DE CONTINGENCIA",25000,25000
2017,ICA,GOBIERNOS LOCALES,AMBIENTE,0,2127
2017,ICA,GOBIERNOS LOCALES,SANEAMIENTO,7233338,14558826
2017,TACNA,GOBIERNOS LOCALES,SANEAMIENTO,233343,277968
2017,LIMA,GOBIERNOS LOCALES,"PLANEAMIENTO, GESTION Y RESERVA DE CONTINGENCIA",7230,7230
2017,LIMA,GOBIERNOS LOCALES,ORDEN PUBLICO Y SEGURIDAD,0,0
2017,LIMA,GOBIERNOS LOCALES,TURISMO,5981,79104
2017,LIMA,GOBIERNOS LOCALES,AGROPECUARIA,65688,171304
2017,LIMA,GOBIERNOS LOCALES,ENERGIA,0,874177
2017,LIMA,GOBIERNOS LOCALES,AMBIENTE,972547,1159145
2017,LIMA,GOBIERNOS LOCALES,SANEAMIENTO,10921103,29746487
2017,PUNO,GOBIERNOS LOCALES,AGROPECUARIA,474725,474745
2017,PUNO,GOBIERNOS LOCALES,ENERGIA,314380,322591
2017,PUNO,GOBIERNOS LOCALES,AMBIENTE,263128,306838
2017,PUNO,GOBIERNOS LOCALES,SANEAMIENTO,22752421,32356685
2017,CAJAMARCA,GOBIERNOS LOCALES,TRABAJO,0,24
2017,CAJAMARCA,GOBIERNOS LOCALES,AGROPECUARIA,917242,1018014
2017,CAJAMARCA,GOBIERNOS LOCALES,ENERGIA,265751,415751
2017,CAJAMARCA,GOBIERNOS LOCALES,AMBIENTE,928515,1183864
2017,CAJAMARCA,GOBIERNOS LOCALES,SANEAMIENTO,54698368,63531013
2017,CAJAMARCA,GOBIERNOS LOCALES,VIVIENDA Y DESARROLLO URBANO,1066561,1715389
2017,JUNIN,GOBIERNOS LOCALES,AGROPECUARIA,853068,912816
2017,JUNIN,GOBIERNOS LOCALES,AMBIENTE,109385,143510
2017,JUNIN,GOBIERNOS LOCALES,SANEAMIENTO,37489203,95545036
2017,UCAYALI,GOBIERNOS LOCALES,AMBIENTE,11520,11520
2017,UCAYALI,GOBIERNOS LOCALES,SANEAMIENTO,346890,346890
2017,HUANCAVELICA,GOBIERNOS LOCALES,"PLANEAMIENTO, GESTION Y RESERVA DE CONTINGENCIA",30000,30000
2017,HUANCAVELICA,GOBIERNOS LOCALES,ORDEN PUBLICO Y SEGURIDAD,0,250633
2017,HUANCAVELICA,GOBIERNOS LOCALES,AGROPECUARIA,132787,155509
2017,HUANCAVELICA,GOBIERNOS LOCALES,AMBIENTE,296480,488554
2017,HUANCAVELICA,GOBIERNOS LOCALES,SANEAMIENTO,17573442,25524637
2017,MADRE DE DIOS,GOBIERNOS LOCALES,AGROPECUARIA,1086108,1382366
2017,MADRE DE DIOS,GOBIERNOS LOCALES,SANEAMIENTO,2128554,6721059
2017,LAMBAYEQUE,GOBIERNOS LOCALES,TRANSPORTE,377859,377860
2017,LAMBAYEQUE,GOBIERNOS LOCALES,SANEAMIENTO,9995138,26919854
2017,SAN MARTIN,GOBIERNOS LOCALES,ORDEN PUBLICO Y SEGURIDAD,216,582
2017,SAN MARTIN,GOBIERNOS LOCALES,TRABAJO,209077,217271
2017,SAN MARTIN,GOBIERNOS LOCALES,AGROPECUARIA,1950511,3127352
2017,SAN MARTIN,GOBIERNOS LOCALES,AMBIENTE,45569,110317
2017,SAN MARTIN,GOBIERNOS LOCALES,SANEAMIENTO,37178649,73897269
2017,HUANUCO,GOBIERNOS LOCALES,AGROPECUARIA,1027753,1547766
2017,HUANUCO,GOBIERNOS LOCALES,ENERGIA,70930,73000
2017,HUANUCO,GOBIERNOS LOCALES,AMBIENTE,1632868,1632869
2017,HUANUCO,GOBIERNOS LOCALES,SANEAMIENTO,14041275,22120462
2017,MOQUEGUA,GOBIERNOS LOCALES,AGROPECUARIA,181635,205645
2017,MOQUEGUA,GOBIERNOS LOCALES,AMBIENTE,12462,12879
2017,MOQUEGUA,GOBIERNOS LOCALES,SANEAMIENTO,4503045,6785914
2017,CUSCO,GOBIERNOS LOCALES,TRABAJO,195088,195194
2017,CUSCO,GOBIERNOS LOCALES,AGROPECUARIA,7718481,8409800
2017,CUSCO,GOBIERNOS LOCALES,ENERGIA,1228716,4462776
2017,CUSCO,GOBIERNOS LOCALES,TRANSPORTE,125967,129184
2017,CUSCO,GOBIERNOS LOCALES,AMBIENTE,20619471,22555947
2017,CUSCO,GOBIERNOS LOCALES,SANEAMIENTO,13480709,28704725
2017,NACIONAL,GOBIERNOS LOCALES,AGROPECUARIA,15756494,20420634
2017,NACIONAL,GOBIERNOS LOCALES,AMBIENTE,34770094,44174610
2017,NACIONAL,GOBIERNOS LOCALES,ENERGIA,1973739,6242386
2017,NACIONAL,GOBIERNOS LOCALES,ORDEN PUBLICO Y SEGURIDAD,260222,882569
2017,NACIONAL,GOBIERNOS LOCALES,"PLANEAMIENTO, GESTION Y RESERVA DE CONTINGENCIA",62230,62300
2017,NACIONAL,GOBIERNOS LOCALES,SALUD,202600,202600
2017,NACIONAL,GOBIERNOS LOCALES,SANEAMIENTO,426781504,719443844
2017,NACIONAL,GOBIERNOS LOCALES,TRABAJO,404165,420489
2017,NACIONAL,GOBIERNOS LOCALES,TRANSPORTE,503826,507044
2017,NACIONAL,GOBIERNOS LOCALES,TURISMO,44071,119104
2017,NACIONAL,GOBIERNOS LOCALES,VIVIENDA Y DESARROLLO URBANO,1066561,1715389
2017,MADRE DE DIOS,GOBIERNO NACIONAL,AMBIENTE,673936,999218
2017,LORETO,GOBIERNO NACIONAL,AGROPECUARIA,2175458,2175465
2017,ANCASH,GOBIERNO NACIONAL,AGROPECUARIA,5886399,6573835
2017,LIMA,GOBIERNO NACIONAL,EDUCACION,0,154874
2017,PIURA,GOBIERNO NACIONAL,SANEAMIENTO,0,28107505
2017,AMAZONAS,GOBIERNO NACIONAL,AGROPECUARIA,3315517,3522973
2017,HUANUCO,GOBIERNO NACIONAL,AGROPECUARIA,0,0
2017,TUMBES,GOBIERNO NACIONAL,EDUCACION,0,0
2017,CAJAMARCA,GOBIERNO NACIONAL,AGROPECUARIA,237000,540238
2017,SAN MARTIN,GOBIERNO NACIONAL,AGROPECUARIA,1900108,1900892
2017,NACIONAL,GOBIERNO NACIONAL,AGROPECUARIA,13514482,14713403
2017,NACIONAL,GOBIERNO NACIONAL,AMBIENTE,673936,999218
2017,NACIONAL,GOBIERNO NACIONAL,EDUCACION,0,154874
2017,NACIONAL,GOBIERNO NACIONAL,SANEAMIENTO,0,28107505
2017,HUANUCO,GOBIERNO REGIONAL,AMBIENTE,2743122,2765227
2017,APURIMAC,GOBIERNO REGIONAL,AGROPECUARIA,0,0
2017,APURIMAC,GOBIERNO REGIONAL,AMBIENTE,18421628,18580432
2017,APURIMAC,GOBIERNO REGIONAL,SANEAMIENTO,5381642,16829314
2017,AYACUCHO,GOBIERNO REGIONAL,AGROPECUARIA,1495749,1499897
2017,AYACUCHO,GOBIERNO REGIONAL,SANEAMIENTO,11293202,11484563
2017,AMAZONAS,GOBIERNO REGIONAL,AMBIENTE,1810310,1810316
2017,AMAZONAS,GOBIERNO REGIONAL,SANEAMIENTO,11672167,12036867
2017,SAN MARTIN,GOBIERNO REGIONAL,AGROPECUARIA,426010,679432
2017,SAN MARTIN,GOBIERNO REGIONAL,SANEAMIENTO,146683,819037
2017,LIMA,GOBIERNO REGIONAL,SANEAMIENTO,91879,99383
2017,MADRE DE DIOS,GOBIERNO REGIONAL,AGROPECUARIA,1200,1228
2017,MADRE DE DIOS,GOBIERNO REGIONAL,SANEAMIENTO,56160,162650
2017,PIURA,GOBIERNO REGIONAL,AGROPECUARIA,0,0
2017,PIURA,GOBIERNO REGIONAL,SANEAMIENTO,0,52166
2017,ANCASH,GOBIERNO REGIONAL,ORDEN PUBLICO Y SEGURIDAD,1243031,2865807
2017,ANCASH,GOBIERNO REGIONAL,AMBIENTE,105093,105093
2017,ANCASH,GOBIERNO REGIONAL,SANEAMIENTO,142176,142423
2017,PASCO,GOBIERNO REGIONAL,SANEAMIENTO,4781255,4995469
2017,CUSCO,GOBIERNO REGIONAL,AGROPECUARIA,342823,342824
2017,CUSCO,GOBIERNO REGIONAL,AMBIENTE,2071419,2561804
2017,CUSCO,GOBIERNO REGIONAL,SANEAMIENTO,1000,32000
2017,CAJAMARCA,GOBIERNO REGIONAL,ENERGIA,4167,6538
2017,CAJAMARCA,GOBIERNO REGIONAL,AMBIENTE,1175515,1583969
2017,CAJAMARCA,GOBIERNO REGIONAL,SANEAMIENTO,380000,760000
2017,HUANCAVELICA,GOBIERNO REGIONAL,AMBIENTE,4279835,4476868
2017,LORETO,GOBIERNO REGIONAL,AGROPECUARIA,137100,1091417
2017,LORETO,GOBIERNO REGIONAL,AMBIENTE,0,0
2017,PUNO,GOBIERNO REGIONAL,AMBIENTE,3794466,3951536
2017,TACNA,GOBIERNO REGIONAL,SANEAMIENTO,18000,18000
2017,NACIONAL,GOBIERNO REGIONAL,AGROPECUARIA,2402882,3614798
2017,NACIONAL,GOBIERNO REGIONAL,AMBIENTE,34401388,35835245
2017,NACIONAL,GOBIERNO REGIONAL,ENERGIA,4167,6538
2017,NACIONAL,GOBIERNO REGIONAL,ORDEN PUBLICO Y SEGURIDAD,1243031,2865807
2017,NACIONAL,GOBIERNO REGIONAL,SANEAMIENTO,33964164,47431872
2017,AMAZONAS,TRES NIVELES DE GOBIERNO,AGROPECUARIA,3315517,3522973
2017,AMAZONAS,TRES NIVELES DE GOBIERNO,AMBIENTE,1972015,1984140
2017,AMAZONAS,TRES NIVELES DE GOBIERNO,ENERGIA,89702,89831
2017,AMAZONAS,TRES NIVELES DE GOBIERNO,SANEAMIENTO,25738476,26508260
2017,ANCASH,TRES NIVELES DE GOBIERNO,AGROPECUARIA,5888549,6629665
2017,ANCASH,TRES NIVELES DE GOBIERNO,AMBIENTE,1084945,3470363
2017,ANCASH,TRES NIVELES DE GOBIERNO,ORDEN PUBLICO Y SEGURIDAD,1263531,3257654
2017,ANCASH,TRES NIVELES DE GOBIERNO,"PLANEAMIENTO, GESTION Y RESERVA DE CONTINGENCIA",0,70
2017,ANCASH,TRES NIVELES DE GOBIERNO,SANEAMIENTO,27391307,35347676
2017,ANCASH,TRES NIVELES DE GOBIERNO,TURISMO,38090,40000
2017,APURIMAC,TRES NIVELES DE GOBIERNO,AGROPECUARIA,31000,31000
2017,APURIMAC,TRES NIVELES DE GOBIERNO,AMBIENTE,19229787,19827507
2017,APURIMAC,TRES NIVELES DE GOBIERNO,SANEAMIENTO,32634042,58938008
2017,AREQUIPA,TRES NIVELES DE GOBIERNO,AGROPECUARIA,226613,255772
2017,AREQUIPA,TRES NIVELES DE GOBIERNO,AMBIENTE,143552,2693661
2017,AREQUIPA,TRES NIVELES DE GOBIERNO,ENERGIA,4260,4260
2017,AREQUIPA,TRES NIVELES DE GOBIERNO,ORDEN PUBLICO Y SEGURIDAD,239506,239507
2017,AREQUIPA,TRES NIVELES DE GOBIERNO,SANEAMIENTO,31871110,45791872
2017,AYACUCHO,TRES NIVELES DE GOBIERNO,AGROPECUARIA,1570704,1649120
2017,AYACUCHO,TRES NIVELES DE GOBIERNO,AMBIENTE,5919827,7062793
2017,AYACUCHO,TRES NIVELES DE GOBIERNO,SANEAMIENTO,45631295,61226240
2017,AYACUCHO,TRES NIVELES DE GOBIERNO,TRABAJO,0,8000
2017,CAJAMARCA,TRES NIVELES DE GOBIERNO,AGROPECUARIA,1154242,1558252
2017,CAJAMARCA,TRES NIVELES DE GOBIERNO,AMBIENTE,2104030,2767833
2017,CAJAMARCA,TRES NIVELES DE GOBIERNO,ENERGIA,269918,422289
2017,CAJAMARCA,TRES NIVELES DE GOBIERNO,SANEAMIENTO,55078368,64291013
2017,CAJAMARCA,TRES NIVELES DE GOBIERNO,TRABAJO,0,24
2017,CAJAMARCA,TRES NIVELES DE GOBIERNO,VIVIENDA Y DESARROLLO URBANO,1066561,1715389
2017,CUSCO,TRES NIVELES DE GOBIERNO,AGROPECUARIA,8061304,8752624
2017,CUSCO,TRES NIVELES DE GOBIERNO,AMBIENTE,22690890,25117751
2017,CUSCO,TRES NIVELES DE GOBIERNO,ENERGIA,1228716,4462776
2017,CUSCO,TRES NIVELES DE GOBIERNO,SANEAMIENTO,13481709,28736725
2017,CUSCO,TRES NIVELES DE GOBIERNO,TRABAJO,195088,195194
2017,CUSCO,TRES NIVELES DE GOBIERNO,TRANSPORTE,125967,129184
2017,HUANCAVELICA,TRES NIVELES DE GOBIERNO,AGROPECUARIA,132787,155509
2017,HUANCAVELICA,TRES NIVELES DE GOBIERNO,AMBIENTE,4576315,4965422
2017,HUANCAVELICA,TRES NIVELES DE GOBIERNO,ORDEN PUBLICO Y SEGURIDAD,0,250633
2017,HUANCAVELICA,TRES NIVELES DE GOBIERNO,"PLANEAMIENTO, GESTION Y RESERVA DE CONTINGENCIA",30000,30000
2017,HUANCAVELICA,TRES NIVELES DE GOBIERNO,SANEAMIENTO,17573442,25524637
2017,HUANUCO,TRES NIVELES DE GOBIERNO,AGROPECUARIA,1027753,1547766
2017,HUANUCO,TRES NIVELES DE GOBIERNO,AMBIENTE,4375990,4398096
2017,HUANUCO,TRES NIVELES DE GOBIERNO,ENERGIA,70930,73000
2017,HUANUCO,TRES NIVELES DE GOBIERNO,SANEAMIENTO,14041275,22120462
2017,ICA,TRES NIVELES DE GOBIERNO,AMBIENTE,0,2127
2017,ICA,TRES NIVELES DE GOBIERNO,"PLANEAMIENTO, GESTION Y RESERVA DE CONTINGENCIA",25000,25000
2017,ICA,TRES NIVELES DE GOBIERNO,SANEAMIENTO,7233338,14558826
2017,JUNIN,TRES NIVELES DE GOBIERNO,AGROPECUARIA,853068,912816
2017,JUNIN,TRES NIVELES DE GOBIERNO,AMBIENTE,109385,143510
2017,JUNIN,TRES NIVELES DE GOBIERNO,SANEAMIENTO,37489203,95545036
2017,LA LIBERTAD,TRES NIVELES DE GOBIERNO,AGROPECUARIA,434711,454681
2017,LA LIBERTAD,TRES NIVELES DE GOBIERNO,AMBIENTE,683648,821440
2017,LA LIBERTAD,TRES NIVELES DE GOBIERNO,SANEAMIENTO,22161063,42631160
2017,LAMBAYEQUE,TRES NIVELES DE GOBIERNO,SANEAMIENTO,9995138,26919854
2017,LAMBAYEQUE,TRES NIVELES DE GOBIERNO,TRANSPORTE,377859,377860
2017,LIMA,TRES NIVELES DE GOBIERNO,AGROPECUARIA,65688,171304
2017,LIMA,TRES NIVELES DE GOBIERNO,AMBIENTE,972547,1159145
2017,LIMA,TRES NIVELES DE GOBIERNO,EDUCACION,0,154874
2017,LIMA,TRES NIVELES DE GOBIERNO,ENERGIA,0,874177
2017,LIMA,TRES NIVELES DE GOBIERNO,ORDEN PUBLICO Y SEGURIDAD,0,0
2017,LIMA,TRES NIVELES DE GOBIERNO,"PLANEAMIENTO, GESTION Y RESERVA DE CONTINGENCIA",7230,7230
2017,LIMA,TRES NIVELES DE GOBIERNO,SANEAMIENTO,11012982,29845870
2017,LIMA,TRES NIVELES DE GOBIERNO,TURISMO,5981,79104
2017,LORETO,TRES NIVELES DE GOBIERNO,AGROPECUARIA,2312558,3266882
2017,LORETO,TRES NIVELES DE GOBIERNO,AMBIENTE,30000,47719
2017,LORETO,TRES NIVELES DE GOBIERNO,SANEAMIENTO,12305554,31636591
2017,MADRE DE DIOS,TRES NIVELES DE GOBIERNO,AGROPECUARIA,1087308,1383594
2017,MADRE DE DIOS,TRES NIVELES DE GOBIERNO,AMBIENTE,673936,999218
2017,MADRE DE DIOS,TRES NIVELES DE GOBIERNO,SANEAMIENTO,2184714,6883709
2017,MOQUEGUA,TRES NIVELES DE GOBIERNO,AGROPECUARIA,181635,205645
2017,MOQUEGUA,TRES NIVELES DE GOBIERNO,AMBIENTE,12462,12879
2017,MOQUEGUA,TRES NIVELES DE GOBIERNO,SANEAMIENTO,4503045,6785914
2017,NACIONAL,TRES NIVELES DE GOBIERNO,AGROPECUARIA,31673858,38748835
2017,NACIONAL,TRES NIVELES DE GOBIERNO,AMBIENTE,69845418,81009073
2017,NACIONAL,TRES NIVELES DE GOBIERNO,EDUCACION,0,154874
2017,NACIONAL,TRES NIVELES DE GOBIERNO,ENERGIA,1977906,6248924
2017,NACIONAL,TRES NIVELES DE GOBIERNO,ORDEN PUBLICO Y SEGURIDAD,1503253,3748376
2017,NACIONAL,TRES NIVELES DE GOBIERNO,"PLANEAMIENTO, GESTION Y RESERVA DE CONTINGENCIA",62230,62300
2017,NACIONAL,TRES NIVELES DE GOBIERNO,SALUD,202600,202600
2017,NACIONAL,TRES NIVELES DE GOBIERNO,SANEAMIENTO,460745668,794983221
2017,NACIONAL,TRES NIVELES DE GOBIERNO,TRABAJO,404165,420489
2017,NACIONAL,TRES NIVELES DE GOBIERNO,TRANSPORTE,503826,507044
2017,NACIONAL,TRES NIVELES DE GOBIERNO,TURISMO,44071,119104
2017,NACIONAL,TRES NIVELES DE GOBIERNO,VIVIENDA Y DESARROLLO URBANO,1066561,1715389
2017,PASCO,TRES NIVELES DE GOBIERNO,AGROPECUARIA,466997,1924191
2017,PASCO,TRES NIVELES DE GOBIERNO,AMBIENTE,786826,786826
2017,PASCO,TRES NIVELES DE GOBIERNO,SANEAMIENTO,13017743,13513120
2017,PIURA,TRES NIVELES DE GOBIERNO,AGROPECUARIA,64215,64216
2017,PIURA,TRES NIVELES DE GOBIERNO,AMBIENTE,126841,128432
2017,PIURA,TRES NIVELES DE GOBIERNO,SALUD,202600,202600
2017,PIURA,TRES NIVELES DE GOBIERNO,SANEAMIENTO,15548296,48708006
2017,PUNO,TRES NIVELES DE GOBIERNO,AGROPECUARIA,474725,474745
2017,PUNO,TRES NIVELES DE GOBIERNO,AMBIENTE,4057594,4258374
2017,PUNO,TRES NIVELES DE GOBIERNO,ENERGIA,314380,322591
2017,PUNO,TRES NIVELES DE GOBIERNO,SANEAMIENTO,22752421,32356685
2017,SAN MARTIN,TRES NIVELES DE GOBIERNO,AGROPECUARIA,4276629,5707676
2017,SAN MARTIN,TRES NIVELES DE GOBIERNO,AMBIENTE,45569,110317
2017,SAN MARTIN,TRES NIVELES DE GOBIERNO,ORDEN PUBLICO Y SEGURIDAD,216,582
2017,SAN MARTIN,TRES NIVELES DE GOBIERNO,SANEAMIENTO,37325332,74716306
2017,SAN MARTIN,TRES NIVELES DE GOBIERNO,TRABAJO,209077,217271
2017,TACNA,TRES NIVELES DE GOBIERNO,SANEAMIENTO,251343,295968
2017,TUMBES,TRES NIVELES DE GOBIERNO,AGROPECUARIA,47855,80404
2017,TUMBES,TRES NIVELES DE GOBIERNO,AMBIENTE,237739,240000
2017,TUMBES,TRES NIVELES DE GOBIERNO,EDUCACION,0,0
2017,TUMBES,TRES NIVELES DE GOBIERNO,SANEAMIENTO,1177582,1754393
2017,UCAYALI,TRES NIVELES DE GOBIERNO,AMBIENTE,11520,11520
2017,UCAYALI,TRES NIVELES DE GOBIERNO,SANEAMIENTO,346890,346890
2018,AMAZONAS,GOBIERNOS LOCALES,ENERGIA,3000,3000
2018,AMAZONAS,GOBIERNOS LOCALES,AMBIENTE,18000,18000
2018,AMAZONAS,GOBIERNOS LOCALES,SANEAMIENTO,2949727,3069461
2018,AREQUIPA,GOBIERNOS LOCALES,AGROPECUARIA,174895,182500
2018,AREQUIPA,GOBIERNOS LOCALES,ENERGIA,66694,67454
2018,AREQUIPA,GOBIERNOS LOCALES,AMBIENTE,861580,1378575
2018,AREQUIPA,GOBIERNOS LOCALES,SANEAMIENTO,28083427,49748403
2018,AREQUIPA,GOBIERNOS LOCALES,PROTECCION SOCIAL,97242,116374
2018,LAMBAYEQUE,GOBIERNOS LOCALES,AGROPECUARIA,0,2540
2018,LAMBAYEQUE,GOBIERNOS LOCALES,SANEAMIENTO,7181522,9577036
2018,LA LIBERTAD,GOBIERNOS LOCALES,AGROPECUARIA,378384,379971
2018,LA LIBERTAD,GOBIERNOS LOCALES,ENERGIA,70529,95226
2018,LA LIBERTAD,GOBIERNOS LOCALES,AMBIENTE,107946,109032
2018,LA LIBERTAD,GOBIERNOS LOCALES,SANEAMIENTO,29646443,65102191
2018,UCAYALI,GOBIERNOS LOCALES,AMBIENTE,26090,35000
2018,UCAYALI,GOBIERNOS LOCALES,SANEAMIENTO,32397,32397
2018,AYACUCHO,GOBIERNOS LOCALES,"PLANEAMIENTO, GESTION Y RESERVA DE CONTINGENCIA",50260,80000
2018,AYACUCHO,GOBIERNOS LOCALES,AGROPECUARIA,45342,57081
2018,AYACUCHO,GOBIERNOS LOCALES,ENERGIA,26066,26067
2018,AYACUCHO,GOBIERNOS LOCALES,AMBIENTE,6002182,6218370
2018,AYACUCHO,GOBIERNOS LOCALES,SANEAMIENTO,19336670,40410265
2018,AYACUCHO,GOBIERNOS LOCALES,VIVIENDA Y DESARROLLO URBANO,7580,10000
2018,JUNIN,GOBIERNOS LOCALES,AGROPECUARIA,314184,352173
2018,JUNIN,GOBIERNOS LOCALES,AMBIENTE,45564,48265
2018,JUNIN,GOBIERNOS LOCALES,SANEAMIENTO,49014132,71532861
2018,LIMA,GOBIERNOS LOCALES,"PLANEAMIENTO, GESTION Y RESERVA DE CONTINGENCIA",16635,18000
2018,LIMA,GOBIERNOS LOCALES,TURISMO,1395,3123
2018,LIMA,GOBIERNOS LOCALES,AGROPECUARIA,0,50000
2018,LIMA,GOBIERNOS LOCALES,AMBIENTE,1202582,4580372
2018,LIMA,GOBIERNOS LOCALES,SANEAMIENTO,10358363,80437748
2018,LIMA,GOBIERNOS LOCALES,VIVIENDA Y DESARROLLO URBANO,0,33000
2018,APURIMAC,GOBIERNOS LOCALES,AGROPECUARIA,1689702,2247261
2018,APURIMAC,GOBIERNOS LOCALES,AMBIENTE,568254,585564
2018,APURIMAC,GOBIERNOS LOCALES,SANEAMIENTO,10264666,12800013
2018,TUMBES,GOBIERNOS LOCALES,AMBIENTE,3080,3080
2018,TUMBES,GOBIERNOS LOCALES,SANEAMIENTO,0,4829881
2018,CAJAMARCA,GOBIERNOS LOCALES,"PLANEAMIENTO, GESTION Y RESERVA DE CONTINGENCIA",74710,75000
2018,CAJAMARCA,GOBIERNOS LOCALES,AGROPECUARIA,916294,1020811
2018,CAJAMARCA,GOBIERNOS LOCALES,ENERGIA,120000,120000
2018,CAJAMARCA,GOBIERNOS LOCALES,AMBIENTE,205304,243543
2018,CAJAMARCA,GOBIERNOS LOCALES,SANEAMIENTO,17692363,26739271
2018,CAJAMARCA,GOBIERNOS LOCALES,VIVIENDA Y DESARROLLO URBANO,68988,308393
2018,ICA,GOBIERNOS LOCALES,"PLANEAMIENTO, GESTION Y RESERVA DE CONTINGENCIA",0,1120
2018,ICA,GOBIERNOS LOCALES,AMBIENTE,252104,324400
2018,ICA,GOBIERNOS LOCALES,SANEAMIENTO,8112116,12619431
2018,MOQUEGUA,GOBIERNOS LOCALES,AGROPECUARIA,149993,156863
2018,MOQUEGUA,GOBIERNOS LOCALES,AMBIENTE,6158,6355
2018,MOQUEGUA,GOBIERNOS LOCALES,SANEAMIENTO,2186894,2497726
2018,PIURA,GOBIERNOS LOCALES,AGROPECUARIA,167836,352688
2018,PIURA,GOBIERNOS LOCALES,AMBIENTE,120943,150100
2018,PIURA,GOBIERNOS LOCALES,SANEAMIENTO,9370728,24721959
2018,TACNA,GOBIERNOS LOCALES,SANEAMIENTO,237584,263498
2018,HUANCAVELICA,GOBIERNOS LOCALES,AGROPECUARIA,138161,163509
2018,HUANCAVELICA,GOBIERNOS LOCALES,AMBIENTE,13641,17407
2018,HUANCAVELICA,GOBIERNOS LOCALES,SANEAMIENTO,11751628,19256425
2018,HUANCAVELICA,GOBIERNOS LOCALES,VIVIENDA Y DESARROLLO URBANO,277615,280465
2018,MADRE DE DIOS,GOBIERNOS LOCALES,AGROPECUARIA,920482,1307391
2018,MADRE DE DIOS,GOBIERNOS LOCALES,SANEAMIENTO,342916,10426737
2018,CUSCO,GOBIERNOS LOCALES,AGROPECUARIA,9479325,10176440
2018,CUSCO,GOBIERNOS LOCALES,ENERGIA,3584641,4305010
2018,CUSCO,GOBIERNOS LOCALES,AMBIENTE,22397266,24203399
2018,CUSCO,GOBIERNOS LOCALES,SANEAMIENTO,7246100,24150572
2018,LORETO,GOBIERNOS LOCALES,AMBIENTE,738271,742970
2018,LORETO,GOBIERNOS LOCALES,SANEAMIENTO,46856191,51093763
2018,ANCASH,GOBIERNOS LOCALES,"PLANEAMIENTO, GESTION Y RESERVA DE CONTINGENCIA",27006,2592726
2018,ANCASH,GOBIERNOS LOCALES,ORDEN PUBLICO Y SEGURIDAD,340454,371347
2018,ANCASH,GOBIERNOS LOCALES,TURISMO,0,0
2018,ANCASH,GOBIERNOS LOCALES,AGROPECUARIA,12000,111453
2018,ANCASH,GOBIERNOS LOCALES,ENERGIA,400503,434978
2018,ANCASH,GOBIERNOS LOCALES,AMBIENTE,940478,994333
2018,ANCASH,GOBIERNOS LOCALES,SANEAMIENTO,9601127,19669350
2018,PUNO,GOBIERNOS LOCALES,AGROPECUARIA,0,0
2018,PUNO,GOBIERNOS LOCALES,ENERGIA,229314,236195
2018,PUNO,GOBIERNOS LOCALES,AMBIENTE,605049,692189
2018,PUNO,GOBIERNOS LOCALES,SANEAMIENTO,7951750,10432976
2018,HUANUCO,GOBIERNOS LOCALES,AGROPECUARIA,1463890,1585410
2018,HUANUCO,GOBIERNOS LOCALES,AMBIENTE,900,900
2018,HUANUCO,GOBIERNOS LOCALES,SANEAMIENTO,10938432,14712566
2018,PASCO,GOBIERNOS LOCALES,AGROPECUARIA,1603172,2547278
2018,PASCO,GOBIERNOS LOCALES,AMBIENTE,312937,905730
2018,PASCO,GOBIERNOS LOCALES,SANEAMIENTO,262253,1148311
2018,SAN MARTIN,GOBIERNOS LOCALES,AGROPECUARIA,1464970,2128762
2018,SAN MARTIN,GOBIERNOS LOCALES,AMBIENTE,84340,88234
2018,SAN MARTIN,GOBIERNOS LOCALES,SANEAMIENTO,42957261,147671475
2018,NACIONAL,GOBIERNOS LOCALES,AGROPECUARIA,18918630,22822131
2018,NACIONAL,GOBIERNOS LOCALES,AMBIENTE,34512669,41345818
2018,NACIONAL,GOBIERNOS LOCALES,ENERGIA,4500747,5287930
2018,NACIONAL,GOBIERNOS LOCALES,ORDEN PUBLICO Y SEGURIDAD,340454,371347
2018,NACIONAL,GOBIERNOS LOCALES,"PLANEAMIENTO, GESTION Y RESERVA DE CONTINGENCIA",168611,2766846
2018,NACIONAL,GOBIERNOS LOCALES,PROTECCION SOCIAL,97242,116374
2018,NACIONAL,GOBIERNOS LOCALES,SANEAMIENTO,332374690,702944316
2018,NACIONAL,GOBIERNOS LOCALES,TURISMO,1395,3123
2018,NACIONAL,GOBIERNOS LOCALES,VIVIENDA Y DESARROLLO URBANO,354183,631858
2018,ANCASH,GOBIERNO NACIONAL,AGROPECUARIA,3070797,3077310
2018,ANCASH,GOBIERNO NACIONAL,SANEAMIENTO,0,1714089
2018,LORETO,GOBIERNO NACIONAL,AGROPECUARIA,5034574,6455875
2018,HUANCAVELICA,GOBIERNO NACIONAL,AGROPECUARIA,1626252,1642932
2018,PIURA,GOBIERNO NACIONAL,SANEAMIENTO,16751292,56540062
2018,CAJAMARCA,GOBIERNO NACIONAL,AGROPECUARIA,234523,303238
2018,TUMBES,GOBIERNO NACIONAL,EDUCACION,1212969,1310618
2018,LIMA,GOBIERNO NACIONAL,SANEAMIENTO,0,3387003
2018,LA LIBERTAD,GOBIERNO NACIONAL,SANEAMIENTO,0,1525348
2018,LA LIBERTAD,GOBIERNO NACIONAL,EDUCACION,92740,630996
2018,SAN MARTIN,GOBIERNO NACIONAL,AGROPECUARIA,2181364,2189620
2018,LAMBAYEQUE,GOBIERNO NACIONAL,SANEAMIENTO,0,7950174
2018,AMAZONAS,GOBIERNO NACIONAL,AGROPECUARIA,2479583,3814528
2018,MADRE DE DIOS,GOBIERNO NACIONAL,AMBIENTE,325283,325283
2018,NACIONAL,GOBIERNO NACIONAL,AGROPECUARIA,14627093,17483503
2018,NACIONAL,GOBIERNO NACIONAL,AMBIENTE,325283,325283
2018,NACIONAL,GOBIERNO NACIONAL,EDUCACION,1305709,1941614
2018,NACIONAL,GOBIERNO NACIONAL,SANEAMIENTO,16751292,71116676
2018,CUSCO,GOBIERNO REGIONAL,AGROPECUARIA,0,81767
2018,CUSCO,GOBIERNO REGIONAL,AMBIENTE,5343417,5847706
2018,CUSCO,GOBIERNO REGIONAL,SANEAMIENTO,397390,876362
2018,SAN MARTIN,GOBIERNO REGIONAL,AGROPECUARIA,517100,532289
2018,SAN MARTIN,GOBIERNO REGIONAL,AMBIENTE,170652,287865
2018,SAN MARTIN,GOBIERNO REGIONAL,SANEAMIENTO,354935,672353
2018,MADRE DE DIOS,GOBIERNO REGIONAL,SANEAMIENTO,699664,1172439
2018,HUANUCO,GOBIERNO REGIONAL,AMBIENTE,1144440,2588824
2018,AMAZONAS,GOBIERNO REGIONAL,AMBIENTE,662081,667267
2018,AMAZONAS,GOBIERNO REGIONAL,SANEAMIENTO,6035488,6077820
2018,CAJAMARCA,GOBIERNO REGIONAL,AGROPECUARIA,0,30000
2018,CAJAMARCA,GOBIERNO REGIONAL,ENERGIA,139653,194136
2018,CAJAMARCA,GOBIERNO REGIONAL,AMBIENTE,644372,2543386
2018,CAJAMARCA,GOBIERNO REGIONAL,SANEAMIENTO,380000,380000
2018,PIURA,GOBIERNO REGIONAL,SANEAMIENTO,590966,653193
2018,APURIMAC,GOBIERNO REGIONAL,AMBIENTE,27856683,37306164
2018,APURIMAC,GOBIERNO REGIONAL,SANEAMIENTO,12162572,14638015
2018,ANCASH,GOBIERNO REGIONAL,AMBIENTE,11732051,37339010
2018,HUANCAVELICA,GOBIERNO REGIONAL,AMBIENTE,2821074,3831709
2018,LORETO,GOBIERNO REGIONAL,AGROPECUARIA,1349543,1602919
2018,LORETO,GOBIERNO REGIONAL,AMBIENTE,459746,602247
2018,PASCO,GOBIERNO REGIONAL,SANEAMIENTO,6017418,7423459
2018,CALLAO,GOBIERNO REGIONAL,SANEAMIENTO,0,7315354
2018,AYACUCHO,GOBIERNO REGIONAL,AGROPECUARIA,1476784,1552119
2018,AYACUCHO,GOBIERNO REGIONAL,SANEAMIENTO,12693106,13336508
2018,LIMA,GOBIERNO REGIONAL,SANEAMIENTO,1764834,1923646
2018,PUNO,GOBIERNO REGIONAL,AMBIENTE,3242088,3562132
2018,NACIONAL,GOBIERNO REGIONAL,AGROPECUARIA,3343427,3799094
2018,NACIONAL,GOBIERNO REGIONAL,AMBIENTE,54076604,94576310
2018,NACIONAL,GOBIERNO REGIONAL,ENERGIA,139653,194136
2018,NACIONAL,GOBIERNO REGIONAL,SANEAMIENTO,41096373,54469149
2018,AMAZONAS,TRES NIVELES DE GOBIERNO,AGROPECUARIA,2479583,3814528
2018,AMAZONAS,TRES NIVELES DE GOBIERNO,AMBIENTE,680081,685267
2018,AMAZONAS,TRES NIVELES DE GOBIERNO,ENERGIA,3000,3000
2018,AMAZONAS,TRES NIVELES DE GOBIERNO,SANEAMIENTO,8985215,9147281
2018,ANCASH,TRES NIVELES DE GOBIERNO,AGROPECUARIA,3082797,3188763
2018,ANCASH,TRES NIVELES DE GOBIERNO,AMBIENTE,12672529,38333343
2018,ANCASH,TRES NIVELES DE GOBIERNO,ENERGIA,400503,434978
2018,ANCASH,TRES NIVELES DE GOBIERNO,ORDEN PUBLICO Y SEGURIDAD,340454,371347
2018,ANCASH,TRES NIVELES DE GOBIERNO,"PLANEAMIENTO, GESTION Y RESERVA DE CONTINGENCIA",27006,2592726
2018,ANCASH,TRES NIVELES DE GOBIERNO,SANEAMIENTO,9601127,21383439
2018,ANCASH,TRES NIVELES DE GOBIERNO,TURISMO,0,0
2018,APURIMAC,TRES NIVELES DE GOBIERNO,AGROPECUARIA,1689702,2247261
2018,APURIMAC,TRES NIVELES DE GOBIERNO,AMBIENTE,28424937,37891728
2018,APURIMAC,TRES NIVELES DE GOBIERNO,SANEAMIENTO,22427238,27438028
2018,AREQUIPA,TRES NIVELES DE GOBIERNO,AGROPECUARIA,174895,182500
2018,AREQUIPA,TRES NIVELES DE GOBIERNO,AMBIENTE,861580,1378575
2018,AREQUIPA,TRES NIVELES DE GOBIERNO,ENERGIA,66694,67454
2018,AREQUIPA,TRES NIVELES DE GOBIERNO,PROTECCION SOCIAL,97242,116374
2018,AREQUIPA,TRES NIVELES DE GOBIERNO,SANEAMIENTO,28083427,49748403
2018,AYACUCHO,TRES NIVELES DE GOBIERNO,AGROPECUARIA,1522126,1609200
2018,AYACUCHO,TRES NIVELES DE GOBIERNO,AMBIENTE,6002182,6218370
2018,AYACUCHO,TRES NIVELES DE GOBIERNO,ENERGIA,26066,26067
2018,AYACUCHO,TRES NIVELES DE GOBIERNO,"PLANEAMIENTO, GESTION Y RESERVA DE CONTINGENCIA",50260,80000
2018,AYACUCHO,TRES NIVELES DE GOBIERNO,SANEAMIENTO,32029776,53746773
2018,AYACUCHO,TRES NIVELES DE GOBIERNO,VIVIENDA Y DESARROLLO URBANO,7580,10000
2018,CAJAMARCA,TRES NIVELES DE GOBIERNO,AGROPECUARIA,1150817,1354049
2018,CAJAMARCA,TRES NIVELES DE GOBIERNO,AMBIENTE,849676,2786929
2018,CAJAMARCA,TRES NIVELES DE GOBIERNO,ENERGIA,259653,314136
2018,CAJAMARCA,TRES NIVELES DE GOBIERNO,"PLANEAMIENTO, GESTION Y RESERVA DE CONTINGENCIA",74710,75000
2018,CAJAMARCA,TRES NIVELES DE GOBIERNO,SANEAMIENTO,18072363,27119271
2018,CAJAMARCA,TRES NIVELES DE GOBIERNO,VIVIENDA Y DESARROLLO URBANO,68988,308393
2018,CUSCO,TRES NIVELES DE GOBIERNO,AGROPECUARIA,9479325,10258207
2018,CUSCO,TRES NIVELES DE GOBIERNO,AMBIENTE,27740683,30051105
2018,CUSCO,TRES NIVELES DE GOBIERNO,ENERGIA,3584641,4305010
2018,CUSCO,TRES NIVELES DE GOBIERNO,SANEAMIENTO,7643490,25026934
2018,HUANCAVELICA,TRES NIVELES DE GOBIERNO,AGROPECUARIA,1764413,1806441
2018,HUANCAVELICA,TRES NIVELES DE GOBIERNO,AMBIENTE,2834715,3849116
2018,HUANCAVELICA,TRES NIVELES DE GOBIERNO,SANEAMIENTO,11751628,19256425
2018,HUANCAVELICA,TRES NIVELES DE GOBIERNO,VIVIENDA Y DESARROLLO URBANO,277615,280465
2018,HUANUCO,TRES NIVELES DE GOBIERNO,AGROPECUARIA,1463890,1585410
2018,HUANUCO,TRES NIVELES DE GOBIERNO,AMBIENTE,1145340,2589724
2018,HUANUCO,TRES NIVELES DE GOBIERNO,SANEAMIENTO,10938432,14712566
2018,ICA,TRES NIVELES DE GOBIERNO,AMBIENTE,252104,324400
2018,ICA,TRES NIVELES DE GOBIERNO,"PLANEAMIENTO, GESTION Y RESERVA DE CONTINGENCIA",0,1120
2018,ICA,TRES NIVELES DE GOBIERNO,SANEAMIENTO,8112116,12619431
2018,JUNIN,TRES NIVELES DE GOBIERNO,AGROPECUARIA,314184,352173
2018,JUNIN,TRES NIVELES DE GOBIERNO,AMBIENTE,45564,48265
2018,JUNIN,TRES NIVELES DE GOBIERNO,SANEAMIENTO,49014132,71532861
2018,LA LIBERTAD,TRES NIVELES DE GOBIERNO,AGROPECUARIA,378384,379971
2018,LA LIBERTAD,TRES NIVELES DE GOBIERNO,AMBIENTE,107946,109032
2018,LA LIBERTAD,TRES NIVELES DE GOBIERNO,EDUCACION,92740,630996
2018,LA LIBERTAD,TRES NIVELES DE GOBIERNO,ENERGIA,70529,95226
2018,LA LIBERTAD,TRES NIVELES DE GOBIERNO,SANEAMIENTO,29646443,66627539
2018,LAMBAYEQUE,TRES NIVELES DE GOBIERNO,AGROPECUARIA,0,2540
2018,LAMBAYEQUE,TRES NIVELES DE GOBIERNO,SANEAMIENTO,7181522,17527210
2018,LIMA,TRES NIVELES DE GOBIERNO,AGROPECUARIA,0,50000
2018,LIMA,TRES NIVELES DE GOBIERNO,AMBIENTE,1202582,4580372
2018,LIMA,TRES NIVELES DE GOBIERNO,"PLANEAMIENTO, GESTION Y RESERVA DE CONTINGENCIA",16635,18000
2018,LIMA,TRES NIVELES DE GOBIERNO,SANEAMIENTO,12123197,85748397
2018,LIMA,TRES NIVELES DE GOBIERNO,TURISMO,1395,3123
2018,LIMA,TRES NIVELES DE GOBIERNO,VIVIENDA Y DESARROLLO URBANO,0,33000
2018,LORETO,TRES NIVELES DE GOBIERNO,AGROPECUARIA,6384117,8058794
2018,LORETO,TRES NIVELES DE GOBIERNO,AMBIENTE,1198017,1345217
2018,LORETO,TRES NIVELES DE GOBIERNO,SANEAMIENTO,46856191,51093763
2018,MADRE DE DIOS,TRES NIVELES DE GOBIERNO,AGROPECUARIA,920482,1307391
2018,MADRE DE DIOS,TRES NIVELES DE GOBIERNO,AMBIENTE,325283,325283
2018,MADRE DE DIOS,TRES NIVELES DE GOBIERNO,SANEAMIENTO,1042580,11599176
2018,MOQUEGUA,TRES NIVELES DE GOBIERNO,AGROPECUARIA,149993,156863
2018,MOQUEGUA,TRES NIVELES DE GOBIERNO,AMBIENTE,6158,6355
2018,MOQUEGUA,TRES NIVELES DE GOBIERNO,SANEAMIENTO,2186894,2497726
2018,NACIONAL,TRES NIVELES DE GOBIERNO,AGROPECUARIA,36889150,44104728
2018,NACIONAL,TRES NIVELES DE GOBIERNO,AMBIENTE,88914556,136247411
2018,NACIONAL,TRES NIVELES DE GOBIERNO,EDUCACION,1305709,1941614
2018,NACIONAL,TRES NIVELES DE GOBIERNO,ENERGIA,4640400,5482066
2018,NACIONAL,TRES NIVELES DE GOBIERNO,ORDEN PUBLICO Y SEGURIDAD,340454,371347
2018,NACIONAL,TRES NIVELES DE GOBIERNO,"PLANEAMIENTO, GESTION Y RESERVA DE CONTINGENCIA",168611,2766846
2018,NACIONAL,TRES NIVELES DE GOBIERNO,PROTECCION SOCIAL,97242,116374
2018,NACIONAL,TRES NIVELES DE GOBIERNO,SANEAMIENTO,390222355,828530141
2018,NACIONAL,TRES NIVELES DE GOBIERNO,TURISMO,1395,3123
2018,NACIONAL,TRES NIVELES DE GOBIERNO,VIVIENDA Y DESARROLLO URBANO,354183,631858
2018,PASCO,TRES NIVELES DE GOBIERNO,AGROPECUARIA,1603172,2547278
2018,PASCO,TRES NIVELES DE GOBIERNO,AMBIENTE,312937,905730
2018,PASCO,TRES NIVELES DE GOBIERNO,SANEAMIENTO,6279671,8571770
2018,PIURA,TRES NIVELES DE GOBIERNO,AGROPECUARIA,167836,352688
2018,PIURA,TRES NIVELES DE GOBIERNO,AMBIENTE,120943,150100
2018,PIURA,TRES NIVELES DE GOBIERNO,SANEAMIENTO,26712986,81915214
2018,CALLAO,TRES NIVELES DE GOBIERNO,SANEAMIENTO,0,7315354
2018,PUNO,TRES NIVELES DE GOBIERNO,AGROPECUARIA,0,0
2018,PUNO,TRES NIVELES DE GOBIERNO,AMBIENTE,3847137,4254321
2018,PUNO,TRES NIVELES DE GOBIERNO,ENERGIA,229314,236195
2018,PUNO,TRES NIVELES DE GOBIERNO,SANEAMIENTO,7951750,10432976
2018,SAN MARTIN,TRES NIVELES DE GOBIERNO,AGROPECUARIA,4163434,4850671
2018,SAN MARTIN,TRES NIVELES DE GOBIERNO,AMBIENTE,254992,376099
2018,SAN MARTIN,TRES NIVELES DE GOBIERNO,SANEAMIENTO,43312196,148343828
2018,TACNA,TRES NIVELES DE GOBIERNO,SANEAMIENTO,237584,263498
2018,TUMBES,TRES NIVELES DE GOBIERNO,AMBIENTE,3080,3080
2018,TUMBES,TRES NIVELES DE GOBIERNO,EDUCACION,1212969,1310618
2018,TUMBES,TRES NIVELES DE GOBIERNO,SANEAMIENTO,0,4829881
2018,UCAYALI,TRES NIVELES DE GOBIERNO,AMBIENTE,26090,35000
2018,UCAYALI,TRES NIVELES DE GOBIERNO,SANEAMIENTO,32397,32397
2019,CUSCO,GOBIERNOS LOCALES,"PLANEAMIENTO, GESTION Y RESERVA DE CONTINGENCIA",675961,705221
2019,CUSCO,GOBIERNOS LOCALES,ORDEN PUBLICO Y SEGURIDAD,0,969
2019,CUSCO,GOBIERNOS LOCALES,TRABAJO,350223,357987
2019,CUSCO,GOBIERNOS LOCALES,AGROPECUARIA,4696965,5072910
2019,CUSCO,GOBIERNOS LOCALES,ENERGIA,1249831,1645942
2019,CUSCO,GOBIERNOS LOCALES,TRANSPORTE,11614,12683
2019,CUSCO,GOBIERNOS LOCALES,AMBIENTE,20072136,20868764
2019,CUSCO,GOBIERNOS LOCALES,SANEAMIENTO,10863277,32225346
2019,PIURA,GOBIERNOS LOCALES,"PLANEAMIENTO, GESTION Y RESERVA DE CONTINGENCIA",200084,299747
2019,PIURA,GOBIERNOS LOCALES,AGROPECUARIA,76584,188336
2019,PIURA,GOBIERNOS LOCALES,AMBIENTE,3699148,4028771
2019,PIURA,GOBIERNOS LOCALES,SANEAMIENTO,24103469,40088933
2019,JUNIN,GOBIERNOS LOCALES,AGROPECUARIA,15754,33099
2019,JUNIN,GOBIERNOS LOCALES,AMBIENTE,66460,79593
2019,JUNIN,GOBIERNOS LOCALES,SANEAMIENTO,38066909,67769021
2019,AMAZONAS,GOBIERNOS LOCALES,ENERGIA,6000,6000
2019,AMAZONAS,GOBIERNOS LOCALES,AMBIENTE,0,10000
2019,AMAZONAS,GOBIERNOS LOCALES,SANEAMIENTO,1998991,2172533
2019,LORETO,GOBIERNOS LOCALES,AGROPECUARIA,336983,336983
2019,LORETO,GOBIERNOS LOCALES,AMBIENTE,0,16825
2019,LORETO,GOBIERNOS LOCALES,SANEAMIENTO,13107139,13925346
2019,UCAYALI,GOBIERNOS LOCALES,"PLANEAMIENTO, GESTION Y RESERVA DE CONTINGENCIA",32400,42400
2019,UCAYALI,GOBIERNOS LOCALES,AGROPECUARIA,1414900,1478275
2019,UCAYALI,GOBIERNOS LOCALES,AMBIENTE,781417,1058734
2019,UCAYALI,GOBIERNOS LOCALES,SANEAMIENTO,212535,1877165
2019,SAN MARTIN,GOBIERNOS LOCALES,"PLANEAMIENTO, GESTION Y RESERVA DE CONTINGENCIA",46000,130053
2019,SAN MARTIN,GOBIERNOS LOCALES,AGROPECUARIA,858341,858935
2019,SAN MARTIN,GOBIERNOS LOCALES,TRANSPORTE,74262,74585
2019,SAN MARTIN,GOBIERNOS LOCALES,AMBIENTE,170300,170779
2019,SAN MARTIN,GOBIERNOS LOCALES,SANEAMIENTO,53579791,205030819
2019,SAN MARTIN,GOBIERNOS LOCALES,VIVIENDA Y DESARROLLO URBANO,0,16020
2019,LIMA,GOBIERNOS LOCALES,ORDEN PUBLICO Y SEGURIDAD,268162,268165
2019,LIMA,GOBIERNOS LOCALES,AMBIENTE,265944,395712
2019,LIMA,GOBIERNOS LOCALES,SANEAMIENTO,10041670,21406289
2019,LIMA,GOBIERNOS LOCALES,VIVIENDA Y DESARROLLO URBANO,28000,514744
2019,ICA,GOBIERNOS LOCALES,"PLANEAMIENTO, GESTION Y RESERVA DE CONTINGENCIA",0,14225
2019,ICA,GOBIERNOS LOCALES,AMBIENTE,65792,70987
2019,ICA,GOBIERNOS LOCALES,SANEAMIENTO,8491917,11469940
2019,ICA,GOBIERNOS LOCALES,VIVIENDA Y DESARROLLO URBANO,0,1092
2019,CAJAMARCA,GOBIERNOS LOCALES,AGROPECUARIA,118991,151801
2019,CAJAMARCA,GOBIERNOS LOCALES,ENERGIA,15000,55000
2019,CAJAMARCA,GOBIERNOS LOCALES,AMBIENTE,468851,623183
2019,CAJAMARCA,GOBIERNOS LOCALES,SANEAMIENTO,27812908,56112226
2019,CAJAMARCA,GOBIERNOS LOCALES,VIVIENDA Y DESARROLLO URBANO,26689,547876
2019,TACNA,GOBIERNOS LOCALES,SANEAMIENTO,1461,3952847
2019,TUMBES,GOBIERNOS LOCALES,AMBIENTE,236664,306310
2019,TUMBES,GOBIERNOS LOCALES,SANEAMIENTO,53089,7760895
2019,PUNO,GOBIERNOS LOCALES,ENERGIA,21000,21000
2019,PUNO,GOBIERNOS LOCALES,SANEAMIENTO,810565,1031978
2019,MOQUEGUA,GOBIERNOS LOCALES,AGROPECUARIA,149436,180000
2019,MOQUEGUA,GOBIERNOS LOCALES,SANEAMIENTO,57088,230363
2019,HUANCAVELICA,GOBIERNOS LOCALES,"PLANEAMIENTO, GESTION Y RESERVA DE CONTINGENCIA",238934,272460
2019,HUANCAVELICA,GOBIERNOS LOCALES,AGROPECUARIA,307819,378469
2019,HUANCAVELICA,GOBIERNOS LOCALES,AMBIENTE,674668,700438
2019,HUANCAVELICA,GOBIERNOS LOCALES,SANEAMIENTO,5183094,11153806
2019,HUANCAVELICA,GOBIERNOS LOCALES,VIVIENDA Y DESARROLLO URBANO,2000,2000
2019,LA LIBERTAD,GOBIERNOS LOCALES,AGROPECUARIA,389851,583306
2019,LA LIBERTAD,GOBIERNOS LOCALES,ENERGIA,33500,73500
2019,LA LIBERTAD,GOBIERNOS LOCALES,SANEAMIENTO,61050480,88339665
2019,LAMBAYEQUE,GOBIERNOS LOCALES,SANEAMIENTO,1746185,2823692
2019,LAMBAYEQUE,GOBIERNOS LOCALES,VIVIENDA Y DESARROLLO URBANO,176423,250000
2019,AREQUIPA,GOBIERNOS LOCALES,AGROPECUARIA,37500,40000
2019,AREQUIPA,GOBIERNOS LOCALES,SANEAMIENTO,12221508,38576622
2019,AYACUCHO,GOBIERNOS LOCALES,"PLANEAMIENTO, GESTION Y RESERVA DE CONTINGENCIA",26153,29740
2019,AYACUCHO,GOBIERNOS LOCALES,AGROPECUARIA,4649554,4732905
2019,AYACUCHO,GOBIERNOS LOCALES,ENERGIA,36581,45000
2019,AYACUCHO,GOBIERNOS LOCALES,AMBIENTE,2590261,3150508
2019,AYACUCHO,GOBIERNOS LOCALES,SANEAMIENTO,42005774,59390248
2019,PASCO,GOBIERNOS LOCALES,AGROPECUARIA,1720566,1839032
2019,PASCO,GOBIERNOS LOCALES,AMBIENTE,105558,185124
2019,PASCO,GOBIERNOS LOCALES,SANEAMIENTO,1885382,2004074
2019,PASCO,GOBIERNOS LOCALES,EDUCACION,21552,25000
2019,APURIMAC,GOBIERNOS LOCALES,AGROPECUARIA,1068165,1100420
2019,APURIMAC,GOBIERNOS LOCALES,AMBIENTE,764923,865525
2019,APURIMAC,GOBIERNOS LOCALES,SANEAMIENTO,2042574,9706496
2019,ANCASH,GOBIERNOS LOCALES,"PLANEAMIENTO, GESTION Y RESERVA DE CONTINGENCIA",0,289247
2019,ANCASH,GOBIERNOS LOCALES,ORDEN PUBLICO Y SEGURIDAD,23909,30894
2019,ANCASH,GOBIERNOS LOCALES,TURISMO,0,75686
2019,ANCASH,GOBIERNOS LOCALES,AGROPECUARIA,592519,695268
2019,ANCASH,GOBIERNOS LOCALES,TRANSPORTE,46076,73654
2019,ANCASH,GOBIERNOS LOCALES,AMBIENTE,157279,315258
2019,ANCASH,GOBIERNOS LOCALES,SANEAMIENTO,13444725,35284969
2019,ANCASH,GOBIERNOS LOCALES,VIVIENDA Y DESARROLLO URBANO,0,1679
2019,HUANUCO,GOBIERNOS LOCALES,AGROPECUARIA,214351,214353
2019,HUANUCO,GOBIERNOS LOCALES,SANEAMIENTO,1096725,1749948
2019,MADRE DE DIOS,GOBIERNOS LOCALES,AGROPECUARIA,356921,380330
2019,MADRE DE DIOS,GOBIERNOS LOCALES,SANEAMIENTO,3910204,10420078
2019,NACIONAL,GOBIERNOS LOCALES,AGROPECUARIA,17005200,18264422
2019,NACIONAL,GOBIERNOS LOCALES,AMBIENTE,30119401,32846511
2019,NACIONAL,GOBIERNOS LOCALES,EDUCACION,21552,25000
2019,NACIONAL,GOBIERNOS LOCALES,ENERGIA,1361912,1846442
2019,NACIONAL,GOBIERNOS LOCALES,ORDEN PUBLICO Y SEGURIDAD,292071,300028
2019,NACIONAL,GOBIERNOS LOCALES,"PLANEAMIENTO, GESTION Y RESERVA DE CONTINGENCIA",1219532,1783093
2019,NACIONAL,GOBIERNOS LOCALES,SANEAMIENTO,333787460,724503299
2019,NACIONAL,GOBIERNOS LOCALES,TRABAJO,350223,357987
2019,NACIONAL,GOBIERNOS LOCALES,TRANSPORTE,131952,160922
2019,NACIONAL,GOBIERNOS LOCALES,TURISMO,0,75686
2019,NACIONAL,GOBIERNOS LOCALES,VIVIENDA Y DESARROLLO URBANO,233112,1333411
2019,LAMBAYEQUE,GOBIERNO NACIONAL,SANEAMIENTO,3872185,11735427
2019,LORETO,GOBIERNO NACIONAL,AGROPECUARIA,7292327,7294071
2019,HUANCAVELICA,GOBIERNO NACIONAL,AGROPECUARIA,1713087,1727157
2019,HUANCAVELICA,GOBIERNO NACIONAL,SANEAMIENTO,0,80000
2019,PIURA,GOBIERNO NACIONAL,SANEAMIENTO,62148696,89511756
2019,MOQUEGUA,GOBIERNO NACIONAL,SANEAMIENTO,0,0
2019,HUANUCO,GOBIERNO NACIONAL,AGROPECUARIA,1841233,1850542
2019,APURIMAC,GOBIERNO NACIONAL,SANEAMIENTO,22962776,24842618
2019,LIMA,GOBIERNO NACIONAL,SANEAMIENTO,3387280,11501956
2019,AMAZONAS,GOBIERNO NACIONAL,AGROPECUARIA,4774792,5108678
2019,AMAZONAS,GOBIERNO NACIONAL,SANEAMIENTO,0,0
2019,PUNO,GOBIERNO NACIONAL,EDUCACION,35000,38621
2019,SAN MARTIN,GOBIERNO NACIONAL,AGROPECUARIA,717221,717223
2019,ANCASH,GOBIERNO NACIONAL,AGROPECUARIA,438269,438269
2019,ANCASH,GOBIERNO NACIONAL,SANEAMIENTO,123005,2290512
2019,LA LIBERTAD,GOBIERNO NACIONAL,SANEAMIENTO,1253890,4695489
2019,TUMBES,GOBIERNO NACIONAL,SANEAMIENTO,0,5444501
2019,TUMBES,GOBIERNO NACIONAL,EDUCACION,981544,1556437
2019,CAJAMARCA,GOBIERNO NACIONAL,SANEAMIENTO,0,71990
2019,NACIONAL,GOBIERNO NACIONAL,AGROPECUARIA,16776929,17135940
2019,NACIONAL,GOBIERNO NACIONAL,EDUCACION,1016544,1595058
2019,NACIONAL,GOBIERNO NACIONAL,SANEAMIENTO,93747832,150174249
2019,CALLAO,GOBIERNO REGIONAL,SANEAMIENTO,0,8538593
2019,CAJAMARCA,GOBIERNO REGIONAL,AGROPECUARIA,30000,30000
2019,CAJAMARCA,GOBIERNO REGIONAL,ENERGIA,19057,19267
2019,CAJAMARCA,GOBIERNO REGIONAL,AMBIENTE,220902,716516
2019,CAJAMARCA,GOBIERNO REGIONAL,SANEAMIENTO,32000,65000
2019,PUNO,GOBIERNO REGIONAL,AMBIENTE,615546,628106
2019,ANCASH,GOBIERNO REGIONAL,AMBIENTE,2413369,25976110
2019,AYACUCHO,GOBIERNO REGIONAL,AGROPECUARIA,638798,830493
2019,AYACUCHO,GOBIERNO REGIONAL,SANEAMIENTO,5205242,5564350
2019,PIURA,GOBIERNO REGIONAL,AMBIENTE,965955,1000000
2019,PIURA,GOBIERNO REGIONAL,SANEAMIENTO,0,52199
2019,MADRE DE DIOS,GOBIERNO REGIONAL,SANEAMIENTO,2934284,2961636
2019,PASCO,GOBIERNO REGIONAL,SANEAMIENTO,7137970,8672565
2019,CUSCO,GOBIERNO REGIONAL,AMBIENTE,6416138,7659975
2019,CUSCO,GOBIERNO REGIONAL,SANEAMIENTO,983330,1087951
2019,SAN MARTIN,GOBIERNO REGIONAL,AGROPECUARIA,4420246,4519104
2019,SAN MARTIN,GOBIERNO REGIONAL,SANEAMIENTO,45102,93429
2019,AMAZONAS,GOBIERNO REGIONAL,AMBIENTE,1950627,2016700
2019,AMAZONAS,GOBIERNO REGIONAL,SANEAMIENTO,5689908,6065893
2019,HUANCAVELICA,GOBIERNO REGIONAL,AMBIENTE,2703713,3563042
2019,AREQUIPA,GOBIERNO REGIONAL,SANEAMIENTO,1064237,2607292
2019,LIMA,GOBIERNO REGIONAL,SANEAMIENTO,425872,1809513
2019,HUANUCO,GOBIERNO REGIONAL,AMBIENTE,1437300,1447129
2019,MOQUEGUA,GOBIERNO REGIONAL,AGROPECUARIA,9590,10000
2019,LORETO,GOBIERNO REGIONAL,TRABAJO,340976,340976
2019,LORETO,GOBIERNO REGIONAL,AGROPECUARIA,2346956,5360768
2019,LORETO,GOBIERNO REGIONAL,AMBIENTE,1191401,1350045
2019,APURIMAC,GOBIERNO REGIONAL,AMBIENTE,25863928,25949901
2019,APURIMAC,GOBIERNO REGIONAL,SANEAMIENTO,5568521,5657228
2019,NACIONAL,GOBIERNO REGIONAL,AGROPECUARIA,7445590,10750365
2019,NACIONAL,GOBIERNO REGIONAL,AMBIENTE,43778879,70307524
2019,NACIONAL,GOBIERNO REGIONAL,ENERGIA,19057,19267
2019,NACIONAL,GOBIERNO REGIONAL,SANEAMIENTO,29086466,43175649
2019,NACIONAL,GOBIERNO REGIONAL,TRABAJO,340976,340976
2019,AMAZONAS,TRES NIVELES DE GOBIERNO,AGROPECUARIA,4774792,5108678
2019,AMAZONAS,TRES NIVELES DE GOBIERNO,AMBIENTE,1950627,2026700
2019,AMAZONAS,TRES NIVELES DE GOBIERNO,ENERGIA,6000,6000
2019,AMAZONAS,TRES NIVELES DE GOBIERNO,SANEAMIENTO,7688899,8238426
2019,ANCASH,TRES NIVELES DE GOBIERNO,AGROPECUARIA,1030788,1133537
2019,ANCASH,TRES NIVELES DE GOBIERNO,AMBIENTE,2570648,26291368
2019,ANCASH,TRES NIVELES DE GOBIERNO,ORDEN PUBLICO Y SEGURIDAD,23909,30894
2019,ANCASH,TRES NIVELES DE GOBIERNO,"PLANEAMIENTO, GESTION Y RESERVA DE CONTINGENCIA",0,289247
2019,ANCASH,TRES NIVELES DE GOBIERNO,SANEAMIENTO,13567730,37575481
2019,ANCASH,TRES NIVELES DE GOBIERNO,TRANSPORTE,46076,73654
2019,ANCASH,TRES NIVELES DE GOBIERNO,TURISMO,0,75686
2019,ANCASH,TRES NIVELES DE GOBIERNO,VIVIENDA Y DESARROLLO URBANO,0,1679
2019,APURIMAC,TRES NIVELES DE GOBIERNO,AGROPECUARIA,1068165,1100420
2019,APURIMAC,TRES NIVELES DE GOBIERNO,AMBIENTE,26628851,26815426
2019,APURIMAC,TRES NIVELES DE GOBIERNO,SANEAMIENTO,30573871,40206342
2019,AREQUIPA,TRES NIVELES DE GOBIERNO,AGROPECUARIA,37500,40000
2019,AREQUIPA,TRES NIVELES DE GOBIERNO,SANEAMIENTO,13285745,41183914
2019,AYACUCHO,TRES NIVELES DE GOBIERNO,AGROPECUARIA,5288352,5563398
2019,AYACUCHO,TRES NIVELES DE GOBIERNO,AMBIENTE,2590261,3150508
2019,AYACUCHO,TRES NIVELES DE GOBIERNO,ENERGIA,36581,45000
2019,AYACUCHO,TRES NIVELES DE GOBIERNO,"PLANEAMIENTO, GESTION Y RESERVA DE CONTINGENCIA",26153,29740
2019,AYACUCHO,TRES NIVELES DE GOBIERNO,SANEAMIENTO,47211016,64954598
2019,CAJAMARCA,TRES NIVELES DE GOBIERNO,AGROPECUARIA,148991,181801
2019,CAJAMARCA,TRES NIVELES DE GOBIERNO,AMBIENTE,689753,1339699
2019,CAJAMARCA,TRES NIVELES DE GOBIERNO,ENERGIA,34057,74267
2019,CAJAMARCA,TRES NIVELES DE GOBIERNO,SANEAMIENTO,27844908,56249216
2019,CAJAMARCA,TRES NIVELES DE GOBIERNO,VIVIENDA Y DESARROLLO URBANO,26689,547876
2019,CUSCO,TRES NIVELES DE GOBIERNO,AGROPECUARIA,4696965,5072910
2019,CUSCO,TRES NIVELES DE GOBIERNO,AMBIENTE,26488274,28528739
2019,CUSCO,TRES NIVELES DE GOBIERNO,ENERGIA,1249831,1645942
2019,CUSCO,TRES NIVELES DE GOBIERNO,ORDEN PUBLICO Y SEGURIDAD,0,969
2019,CUSCO,TRES NIVELES DE GOBIERNO,"PLANEAMIENTO, GESTION Y RESERVA DE CONTINGENCIA",675961,705221
2019,CUSCO,TRES NIVELES DE GOBIERNO,SANEAMIENTO,11846607,33313297
2019,CUSCO,TRES NIVELES DE GOBIERNO,TRABAJO,350223,357987
2019,CUSCO,TRES NIVELES DE GOBIERNO,TRANSPORTE,11614,12683
2019,HUANCAVELICA,TRES NIVELES DE GOBIERNO,AGROPECUARIA,2020906,2105626
2019,HUANCAVELICA,TRES NIVELES DE GOBIERNO,AMBIENTE,3378381,4263480
2019,HUANCAVELICA,TRES NIVELES DE GOBIERNO,"PLANEAMIENTO, GESTION Y RESERVA DE CONTINGENCIA",238934,272460
2019,HUANCAVELICA,TRES NIVELES DE GOBIERNO,SANEAMIENTO,5183094,11233806
2019,HUANCAVELICA,TRES NIVELES DE GOBIERNO,VIVIENDA Y DESARROLLO URBANO,2000,2000
2019,HUANUCO,TRES NIVELES DE GOBIERNO,AGROPECUARIA,2055584,2064895
2019,HUANUCO,TRES NIVELES DE GOBIERNO,AMBIENTE,1437300,1447129
2019,HUANUCO,TRES NIVELES DE GOBIERNO,SANEAMIENTO,1096725,1749948
2019,ICA,TRES NIVELES DE GOBIERNO,AMBIENTE,65792,70987
2019,ICA,TRES NIVELES DE GOBIERNO,"PLANEAMIENTO, GESTION Y RESERVA DE CONTINGENCIA",0,14225
2019,ICA,TRES NIVELES DE GOBIERNO,SANEAMIENTO,8491917,11469940
2019,ICA,TRES NIVELES DE GOBIERNO,VIVIENDA Y DESARROLLO URBANO,0,1092
2019,JUNIN,TRES NIVELES DE GOBIERNO,AGROPECUARIA,15754,33099
2019,JUNIN,TRES NIVELES DE GOBIERNO,AMBIENTE,66460,79593
2019,JUNIN,TRES NIVELES DE GOBIERNO,SANEAMIENTO,38066909,67769021
2019,LA LIBERTAD,TRES NIVELES DE GOBIERNO,AGROPECUARIA,389851,583306
2019,LA LIBERTAD,TRES NIVELES DE GOBIERNO,ENERGIA,33500,73500
2019,LA LIBERTAD,TRES NIVELES DE GOBIERNO,SANEAMIENTO,62304370,93035154
2019,LAMBAYEQUE,TRES NIVELES DE GOBIERNO,SANEAMIENTO,5618370,14559119
2019,LAMBAYEQUE,TRES NIVELES DE GOBIERNO,VIVIENDA Y DESARROLLO URBANO,176423,250000
2019,LIMA,TRES NIVELES DE GOBIERNO,AMBIENTE,265944,395712
2019,LIMA,TRES NIVELES DE GOBIERNO,ORDEN PUBLICO Y SEGURIDAD,268162,268165
2019,LIMA,TRES NIVELES DE GOBIERNO,SANEAMIENTO,13854822,34717758
2019,LIMA,TRES NIVELES DE GOBIERNO,VIVIENDA Y DESARROLLO URBANO,28000,514744
2019,LORETO,TRES NIVELES DE GOBIERNO,AGROPECUARIA,9976266,12991822
2019,LORETO,TRES NIVELES DE GOBIERNO,AMBIENTE,1191401,1366870
2019,LORETO,TRES NIVELES DE GOBIERNO,SANEAMIENTO,13107139,13925346
2019,LORETO,TRES NIVELES DE GOBIERNO,TRABAJO,340976,340976
2019,MADRE DE DIOS,TRES NIVELES DE GOBIERNO,AGROPECUARIA,356921,380330
2019,MADRE DE DIOS,TRES NIVELES DE GOBIERNO,SANEAMIENTO,6844488,13381714
2019,MOQUEGUA,TRES NIVELES DE GOBIERNO,AGROPECUARIA,159026,190000
2019,MOQUEGUA,TRES NIVELES DE GOBIERNO,SANEAMIENTO,57088,230363
2019,NACIONAL,TRES NIVELES DE GOBIERNO,AGROPECUARIA,41227719,46150727
2019,NACIONAL,TRES NIVELES DE GOBIERNO,AMBIENTE,73898280,103154035
2019,NACIONAL,TRES NIVELES DE GOBIERNO,EDUCACION,1038096,1620058
2019,NACIONAL,TRES NIVELES DE GOBIERNO,ENERGIA,1380969,1865709
2019,NACIONAL,TRES NIVELES DE GOBIERNO,ORDEN PUBLICO Y SEGURIDAD,292071,300028
2019,NACIONAL,TRES NIVELES DE GOBIERNO,"PLANEAMIENTO, GESTION Y RESERVA DE CONTINGENCIA",1219532,1783093
2019,NACIONAL,TRES NIVELES DE GOBIERNO,SANEAMIENTO,456621758,917853197
2019,NACIONAL,TRES NIVELES DE GOBIERNO,TRABAJO,691199,698963
2019,NACIONAL,TRES NIVELES DE GOBIERNO,TRANSPORTE,131952,160922
2019,NACIONAL,TRES NIVELES DE GOBIERNO,TURISMO,0,75686
2019,NACIONAL,TRES NIVELES DE GOBIERNO,VIVIENDA Y DESARROLLO URBANO,233112,1333411
2019,PASCO,TRES NIVELES DE GOBIERNO,AGROPECUARIA,1720566,1839032
2019,PASCO,TRES NIVELES DE GOBIERNO,AMBIENTE,105558,185124
2019,PASCO,TRES NIVELES DE GOBIERNO,EDUCACION,21552,25000
2019,PASCO,TRES NIVELES DE GOBIERNO,SANEAMIENTO,9023352,10676639
2019,PIURA,TRES NIVELES DE GOBIERNO,AGROPECUARIA,76584,188336
2019,PIURA,TRES NIVELES DE GOBIERNO,AMBIENTE,4665103,5028771
2019,PIURA,TRES NIVELES DE GOBIERNO,"PLANEAMIENTO, GESTION Y RESERVA DE CONTINGENCIA",200084,299747
2019,PIURA,TRES NIVELES DE GOBIERNO,SANEAMIENTO,86252165,129652888
2019,CALLAO,TRES NIVELES DE GOBIERNO,SANEAMIENTO,0,8538593
2019,PUNO,TRES NIVELES DE GOBIERNO,AMBIENTE,615546,628106
2019,PUNO,TRES NIVELES DE GOBIERNO,EDUCACION,35000,38621
2019,PUNO,TRES NIVELES DE GOBIERNO,ENERGIA,21000,21000
2019,PUNO,TRES NIVELES DE GOBIERNO,SANEAMIENTO,810565,1031978
2019,SAN MARTIN,TRES NIVELES DE GOBIERNO,AGROPECUARIA,5995808,6095262
2019,SAN MARTIN,TRES NIVELES DE GOBIERNO,AMBIENTE,170300,170779
2019,SAN MARTIN,TRES NIVELES DE GOBIERNO,"PLANEAMIENTO, GESTION Y RESERVA DE CONTINGENCIA",46000,130053
2019,SAN MARTIN,TRES NIVELES DE GOBIERNO,SANEAMIENTO,53624893,205124248
2019,SAN MARTIN,TRES NIVELES DE GOBIERNO,TRANSPORTE,74262,74585
2019,SAN MARTIN,TRES NIVELES DE GOBIERNO,VIVIENDA Y DESARROLLO URBANO,0,16020
2019,TACNA,TRES NIVELES DE GOBIERNO,SANEAMIENTO,1461,3952847
2019,TUMBES,TRES NIVELES DE GOBIERNO,AMBIENTE,236664,306310
2019,TUMBES,TRES NIVELES DE GOBIERNO,EDUCACION,981544,1556437
2019,TUMBES,TRES NIVELES DE GOBIERNO,SANEAMIENTO,53089,13205396
2019,UCAYALI,TRES NIVELES DE GOBIERNO,AGROPECUARIA,1414900,1478275
2019,UCAYALI,TRES NIVELES DE GOBIERNO,AMBIENTE,781417,1058734
2019,UCAYALI,TRES NIVELES DE GOBIERNO,"PLANEAMIENTO, GESTION Y RESERVA DE CONTINGENCIA",32400,42400
2019,UCAYALI,TRES NIVELES DE GOBIERNO,SANEAMIENTO,212535,1877165
2020,CUSCO,GOBIERNOS LOCALES,"PLANEAMIENTO, GESTION Y RESERVA DE CONTINGENCIA",931066,946652
2020,CUSCO,GOBIERNOS LOCALES,TRABAJO,18572,19153
2020,CUSCO,GOBIERNOS LOCALES,AGROPECUARIA,1711463,1792548
2020,CUSCO,GOBIERNOS LOCALES,AMBIENTE,13891027,14644367
2020,UCAYALI,GOBIERNOS LOCALES,AGROPECUARIA,1010061,1514672
2020,UCAYALI,GOBIERNOS LOCALES,AMBIENTE,200321,217694
2020,PASCO,GOBIERNOS LOCALES,AGROPECUARIA,6750,6948
2020,PASCO,GOBIERNOS LOCALES,AMBIENTE,62923,89000
2020,SAN MARTIN,GOBIERNOS LOCALES,AGROPECUARIA,92111,92112
2020,TUMBES,GOBIERNOS LOCALES,AMBIENTE,0,30000
2020,LA LIBERTAD,GOBIERNOS LOCALES,AGROPECUARIA,806085,1025882
2020,AYACUCHO,GOBIERNOS LOCALES,"PLANEAMIENTO, GESTION Y RESERVA DE CONTINGENCIA",117385,154111
2020,AYACUCHO,GOBIERNOS LOCALES,AGROPECUARIA,3547876,4790483
2020,AYACUCHO,GOBIERNOS LOCALES,AMBIENTE,1097819,1421965
2020,APURIMAC,GOBIERNOS LOCALES,AGROPECUARIA,727183,747655
2020,APURIMAC,GOBIERNOS LOCALES,AMBIENTE,3573276,3796685
2020,LORETO,GOBIERNOS LOCALES,AMBIENTE,0,8825
2020,MOQUEGUA,GOBIERNOS LOCALES,AGROPECUARIA,39732,46264
2020,MADRE DE DIOS,GOBIERNOS LOCALES,AGROPECUARIA,19000,32967
2020,CAJAMARCA,GOBIERNOS LOCALES,AGROPECUARIA,107222,289679
2020,CAJAMARCA,GOBIERNOS LOCALES,AMBIENTE,369353,507013
2020,CAJAMARCA,GOBIERNOS LOCALES,SANEAMIENTO,6809,6809
2020,PUNO,GOBIERNOS LOCALES,VIVIENDA Y DESARROLLO URBANO,155605,156000
2020,JUNIN,GOBIERNOS LOCALES,ORDEN PUBLICO Y SEGURIDAD,57180,86504
2020,JUNIN,GOBIERNOS LOCALES,AGROPECUARIA,560591,597301
2020,JUNIN,GOBIERNOS LOCALES,AMBIENTE,22541,38017
2020,HUANCAVELICA,GOBIERNOS LOCALES,"PLANEAMIENTO, GESTION Y RESERVA DE CONTINGENCIA",70968,128129
2020,HUANCAVELICA,GOBIERNOS LOCALES,AGROPECUARIA,218710,351934
2020,HUANCAVELICA,GOBIERNOS LOCALES,AMBIENTE,40244,57707
2020,AMAZONAS,GOBIERNOS LOCALES,AGROPECUARIA,0,0
2020,AMAZONAS,GOBIERNOS LOCALES,AMBIENTE,24931,28140
2020,HUANUCO,GOBIERNOS LOCALES,AGROPECUARIA,24380,100492
2020,ANCASH,GOBIERNOS LOCALES,AGROPECUARIA,631045,1263125
2020,ANCASH,GOBIERNOS LOCALES,AMBIENTE,36000,1570616
2020,PIURA,GOBIERNOS LOCALES,"PLANEAMIENTO, GESTION Y RESERVA DE CONTINGENCIA",96024,96024
2020,PIURA,GOBIERNOS LOCALES,AGROPECUARIA,70287,73787
2020,PIURA,GOBIERNOS LOCALES,AMBIENTE,675835,1728067
2020,AREQUIPA,GOBIERNOS LOCALES,AGROPECUARIA,233580,433576
2020,AREQUIPA,GOBIERNOS LOCALES,AMBIENTE,0,530482
2020,LIMA,GOBIERNOS LOCALES,ORDEN PUBLICO Y SEGURIDAD,141228,149979
2020,LIMA,GOBIERNOS LOCALES,AGROPECUARIA,12360,30000
2020,LIMA,GOBIERNOS LOCALES,AMBIENTE,101746,368161
2020,NACIONAL,GOBIERNOS LOCALES,AGROPECUARIA,9818436,13189425
2020,NACIONAL,GOBIERNOS LOCALES,AMBIENTE,20096016,25036739
2020,NACIONAL,GOBIERNOS LOCALES,ORDEN PUBLICO Y SEGURIDAD,198408,236483
2020,NACIONAL,GOBIERNOS LOCALES,"PLANEAMIENTO, GESTION Y RESERVA DE CONTINGENCIA",1215443,1324916
2020,NACIONAL,GOBIERNOS LOCALES,SANEAMIENTO,6809,6809
2020,NACIONAL,GOBIERNOS LOCALES,TRABAJO,18572,19153
2020,NACIONAL,GOBIERNOS LOCALES,VIVIENDA Y DESARROLLO URBANO,155605,156000
2020,LORETO,GOBIERNO NACIONAL,AGROPECUARIA,7814810,7814847
2020,AMAZONAS,GOBIERNO NACIONAL,AGROPECUARIA,2029377,2040006
2020,HUANUCO,GOBIERNO NACIONAL,AGROPECUARIA,3005126,3009704
2020,CAJAMARCA,GOBIERNO NACIONAL,AGROPECUARIA,106502,109003
2020,HUANCAVELICA,GOBIERNO NACIONAL,AGROPECUARIA,3670180,3670941
2020,LIMA,GOBIERNO NACIONAL,AGROPECUARIA,23127,24500
2020,NACIONAL,GOBIERNO NACIONAL,AGROPECUARIA,16649122,16669001
2020,HUANCAVELICA,GOBIERNO REGIONAL,AMBIENTE,4080799,4184325
2020,CUSCO,GOBIERNO REGIONAL,AMBIENTE,6934383,6993889
2020,AMAZONAS,GOBIERNO REGIONAL,AMBIENTE,542692,542695
2020,ICA,GOBIERNO REGIONAL,ORDEN PUBLICO Y SEGURIDAD,0,74723
2020,CAJAMARCA,GOBIERNO REGIONAL,AGROPECUARIA,986041,992038
2020,CAJAMARCA,GOBIERNO REGIONAL,AMBIENTE,371548,441090
2020,ANCASH,GOBIERNO REGIONAL,AMBIENTE,3249509,11518683
2020,HUANUCO,GOBIERNO REGIONAL,AGROPECUARIA,0,0
2020,HUANUCO,GOBIERNO REGIONAL,AMBIENTE,1984039,2096620
2020,APURIMAC,GOBIERNO REGIONAL,AMBIENTE,14531960,14547325
2020,TUMBES,GOBIERNO REGIONAL,AMBIENTE,289795,311405
2020,PIURA,GOBIERNO REGIONAL,AMBIENTE,2933897,2934046
2020,LORETO,GOBIERNO REGIONAL,AGROPECUARIA,9153673,12025364
2020,LORETO,GOBIERNO REGIONAL,AMBIENTE,14515267,18126762
2020,SAN MARTIN,GOBIERNO REGIONAL,AGROPECUARIA,3111445,3117636
2020,AYACUCHO,GOBIERNO REGIONAL,AGROPECUARIA,1481569,1548775
2020,NACIONAL,GOBIERNO REGIONAL,AGROPECUARIA,14732728,17683813
2020,NACIONAL,GOBIERNO REGIONAL,AMBIENTE,49433889,61696840
2020,NACIONAL,GOBIERNO REGIONAL,ORDEN PUBLICO Y SEGURIDAD,0,74723
2020,AMAZONAS,TRES NIVELES DE GOBIERNO,AGROPECUARIA,2029377,2040006
2020,AMAZONAS,TRES NIVELES DE GOBIERNO,AMBIENTE,567623,570835
2020,ANCASH,TRES NIVELES DE GOBIERNO,AGROPECUARIA,631045,1263125
2020,ANCASH,TRES NIVELES DE GOBIERNO,AMBIENTE,3285509,13089299
2020,APURIMAC,TRES NIVELES DE GOBIERNO,AGROPECUARIA,727183,747655
2020,APURIMAC,TRES NIVELES DE GOBIERNO,AMBIENTE,18105236,18344010
2020,AREQUIPA,TRES NIVELES DE GOBIERNO,AGROPECUARIA,233580,433576
2020,AREQUIPA,TRES NIVELES DE GOBIERNO,AMBIENTE,0,530482
2020,AYACUCHO,TRES NIVELES DE GOBIERNO,AGROPECUARIA,5029445,6339258
2020,AYACUCHO,TRES NIVELES DE GOBIERNO,AMBIENTE,1097819,1421965
2020,AYACUCHO,TRES NIVELES DE GOBIERNO,"PLANEAMIENTO, GESTION Y RESERVA DE CONTINGENCIA",117385,154111
2020,CAJAMARCA,TRES NIVELES DE GOBIERNO,AGROPECUARIA,1199765,1390720
2020,CAJAMARCA,TRES NIVELES DE GOBIERNO,AMBIENTE,740901,948103
2020,CAJAMARCA,TRES NIVELES DE GOBIERNO,SANEAMIENTO,6809,6809
2020,CUSCO,TRES NIVELES DE GOBIERNO,AGROPECUARIA,1711463,1792548
2020,CUSCO,TRES NIVELES DE GOBIERNO,AMBIENTE,20825410,21638256
2020,CUSCO,TRES NIVELES DE GOBIERNO,"PLANEAMIENTO, GESTION Y RESERVA DE CONTINGENCIA",931066,946652
2020,CUSCO,TRES NIVELES DE GOBIERNO,TRABAJO,18572,19153
2020,HUANCAVELICA,TRES NIVELES DE GOBIERNO,AGROPECUARIA,3888890,4022875
2020,HUANCAVELICA,TRES NIVELES DE GOBIERNO,AMBIENTE,4121043,4242032
2020,HUANCAVELICA,TRES NIVELES DE GOBIERNO,"PLANEAMIENTO, GESTION Y RESERVA DE CONTINGENCIA",70968,128129
2020,HUANUCO,TRES NIVELES DE GOBIERNO,AGROPECUARIA,3029506,3110196
2020,HUANUCO,TRES NIVELES DE GOBIERNO,AMBIENTE,1984039,2096620
2020,ICA,TRES NIVELES DE GOBIERNO,ORDEN PUBLICO Y SEGURIDAD,0,74723
2020,JUNIN,TRES NIVELES DE GOBIERNO,AGROPECUARIA,560591,597301
2020,JUNIN,TRES NIVELES DE GOBIERNO,AMBIENTE,22541,38017
2020,JUNIN,TRES NIVELES DE GOBIERNO,ORDEN PUBLICO Y SEGURIDAD,57180,86504
2020,LA LIBERTAD,TRES NIVELES DE GOBIERNO,AGROPECUARIA,806085,1025882
2020,LIMA,TRES NIVELES DE GOBIERNO,AGROPECUARIA,35487,54500
2020,LIMA,TRES NIVELES DE GOBIERNO,AMBIENTE,101746,368161
2020,LIMA,TRES NIVELES DE GOBIERNO,ORDEN PUBLICO Y SEGURIDAD,141228,149979
2020,LORETO,TRES NIVELES DE GOBIERNO,AGROPECUARIA,16968483,19840211
2020,LORETO,TRES NIVELES DE GOBIERNO,AMBIENTE,14515267,18135587
2020,MADRE DE DIOS,TRES NIVELES DE GOBIERNO,AGROPECUARIA,19000,32967
2020,MOQUEGUA,TRES NIVELES DE GOBIERNO,AGROPECUARIA,39732,46264
2020,NACIONAL,TRES NIVELES DE GOBIERNO,AGROPECUARIA,41200286,47542239
2020,NACIONAL,TRES NIVELES DE GOBIERNO,AMBIENTE,69529905,86733579
2020,NACIONAL,TRES NIVELES DE GOBIERNO,ORDEN PUBLICO Y SEGURIDAD,198408,311206
2020,NACIONAL,TRES NIVELES DE GOBIERNO,"PLANEAMIENTO, GESTION Y RESERVA DE CONTINGENCIA",1215443,1324916
2020,NACIONAL,TRES NIVELES DE GOBIERNO,SANEAMIENTO,6809,6809
2020,NACIONAL,TRES NIVELES DE GOBIERNO,TRABAJO,18572,19153
2020,NACIONAL,TRES NIVELES DE GOBIERNO,VIVIENDA Y DESARROLLO URBANO,155605,156000
2020,PASCO,TRES NIVELES DE GOBIERNO,AGROPECUARIA,6750,6948
2020,PASCO,TRES NIVELES DE GOBIERNO,AMBIENTE,62923,89000
2020,PIURA,TRES NIVELES DE GOBIERNO,AGROPECUARIA,70287,73787
2020,PIURA,TRES NIVELES DE GOBIERNO,AMBIENTE,3609732,4662113
2020,PIURA,TRES NIVELES DE GOBIERNO,"PLANEAMIENTO, GESTION Y RESERVA DE CONTINGENCIA",96024,96024
2020,PUNO,TRES NIVELES DE GOBIERNO,VIVIENDA Y DESARROLLO URBANO,155605,156000
2020,SAN MARTIN,TRES NIVELES DE GOBIERNO,AGROPECUARIA,3203556,3209748
2020,TUMBES,TRES NIVELES DE GOBIERNO,AMBIENTE,289795,341405
2020,UCAYALI,TRES NIVELES DE GOBIERNO,AGROPECUARIA,1010061,1514672
2020,UCAYALI,TRES NIVELES DE GOBIERNO,AMBIENTE,200321,217694
